siteId,slug,filename
superparty,animatori-petreceri-copii-giulesti-bucuresti,animatori-petreceri-copii-giulesti-bucuresti.mdx
superparty,animatori-petreceri-copii-glina-ilfov,animatori-petreceri-copii-glina-ilfov.mdx
superparty,animatori-petreceri-copii-gruiu-ilfov,animatori-petreceri-copii-gruiu-ilfov.mdx
superparty,animatori-petreceri-copii-iasi-animatopia,animatori-petreceri-copii-iasi-animatopia.mdx
superparty,animatori-petreceri-copii-iron-man-1-decembrie,animatori-petreceri-copii-iron-man-1-decembrie.mdx
superparty,animatori-petreceri-copii-iron-man-baneasa,animatori-petreceri-copii-iron-man-baneasa.mdx
superparty,animatori-petreceri-copii-iron-man-cernica,animatori-petreceri-copii-iron-man-cernica.mdx
superparty,animatori-petreceri-copii-iron-man-chiajna,animatori-petreceri-copii-iron-man-chiajna.mdx
superparty,animatori-petreceri-copii-iron-man-ciorogarla,animatori-petreceri-copii-iron-man-ciorogarla.mdx
superparty,animatori-petreceri-copii-iron-man-copaceni,animatori-petreceri-copii-iron-man-copaceni.mdx
superparty,animatori-petreceri-copii-iron-man-dascalu,animatori-petreceri-copii-iron-man-dascalu.mdx
superparty,animatori-petreceri-copii-iron-man-dragomiresti-vale,animatori-petreceri-copii-iron-man-dragomiresti-vale.mdx
superparty,animatori-petreceri-copii-iron-man-glina,animatori-petreceri-copii-iron-man-glina.mdx
superparty,animatori-petreceri-copii-iron-man-gruiu,animatori-petreceri-copii-iron-man-gruiu.mdx
superparty,animatori-petreceri-copii-iron-man-jilava,animatori-petreceri-copii-iron-man-jilava.mdx
superparty,animatori-petreceri-copii-iron-man-moara-vlasiei,animatori-petreceri-copii-iron-man-moara-vlasiei.mdx
superparty,animatori-petreceri-copii-iron-man-nuci,animatori-petreceri-copii-iron-man-nuci.mdx
superparty,animatori-petreceri-copii-iron-man-peris,animatori-petreceri-copii-iron-man-peris.mdx
superparty,animatori-petreceri-copii-iron-man-sector-2,animatori-petreceri-copii-iron-man-sector-2.mdx
superparty,animatori-petreceri-copii-iron-man-sector-4,animatori-petreceri-copii-iron-man-sector-4.mdx
superparty,animatori-petreceri-copii-iron-man-stefanestii-de-jos,animatori-petreceri-copii-iron-man-stefanestii-de-jos.mdx
superparty,animatori-petreceri-copii-iron-man-tunari,animatori-petreceri-copii-iron-man-tunari.mdx
superparty,animatori-petreceri-copii-iron-man-vidra,animatori-petreceri-copii-iron-man-vidra.mdx
superparty,animatori-petreceri-copii-magurele-ilfov,animatori-petreceri-copii-magurele-ilfov.mdx
superparty,animatori-petreceri-copii-marshall-paw-patrol-buftea,animatori-petreceri-copii-marshall-paw-patrol-buftea.mdx
superparty,animatori-petreceri-copii-marshall-paw-patrol-chiajna,animatori-petreceri-copii-marshall-paw-patrol-chiajna.mdx
superparty,animatori-petreceri-copii-marshall-paw-patrol-ciolpani,animatori-petreceri-copii-marshall-paw-patrol-ciolpani.mdx
superparty,animatori-petreceri-copii-marshall-paw-patrol-copaceni,animatori-petreceri-copii-marshall-paw-patrol-copaceni.mdx
superparty,animatori-petreceri-copii-marshall-paw-patrol-cornetu,animatori-petreceri-copii-marshall-paw-patrol-cornetu.mdx
superparty,animatori-petreceri-copii-marshall-paw-patrol-dragomiresti-vale,animatori-petreceri-copii-marshall-paw-patrol-dragomiresti-vale.mdx
superparty,animatori-petreceri-copii-marshall-paw-patrol-ganeasa,animatori-petreceri-copii-marshall-paw-patrol-ganeasa.mdx
superparty,animatori-petreceri-copii-marshall-paw-patrol-gruiu,animatori-petreceri-copii-marshall-paw-patrol-gruiu.mdx
superparty,animatori-petreceri-copii-marshall-paw-patrol-moara-vlasiei,animatori-petreceri-copii-marshall-paw-patrol-moara-vlasiei.mdx
superparty,animatori-petreceri-copii-marshall-paw-patrol-otopeni,animatori-petreceri-copii-marshall-paw-patrol-otopeni.mdx
superparty,animatori-petreceri-copii-marshall-paw-patrol-pantelimon,animatori-petreceri-copii-marshall-paw-patrol-pantelimon.mdx
superparty,animatori-petreceri-copii-marshall-paw-patrol-sector-1,animatori-petreceri-copii-marshall-paw-patrol-sector-1.mdx
superparty,animatori-petreceri-copii-marshall-paw-patrol-sector-2,animatori-petreceri-copii-marshall-paw-patrol-sector-2.mdx
superparty,animatori-petreceri-copii-marshall-paw-patrol-sector-6,animatori-petreceri-copii-marshall-paw-patrol-sector-6.mdx
superparty,animatori-petreceri-copii-masha-balotesti,animatori-petreceri-copii-masha-balotesti.mdx
superparty,animatori-petreceri-copii-masha-baneasa,animatori-petreceri-copii-masha-baneasa.mdx
superparty,animatori-petreceri-copii-masha-clinceni,animatori-petreceri-copii-masha-clinceni.mdx
superparty,animatori-petreceri-copii-masha-dragomiresti-vale,animatori-petreceri-copii-masha-dragomiresti-vale.mdx
superparty,animatori-petreceri-copii-masha-ganeasa,animatori-petreceri-copii-masha-ganeasa.mdx
superparty,animatori-petreceri-copii-masha-magurele,animatori-petreceri-copii-masha-magurele.mdx
superparty,animatori-petreceri-copii-masha-peris,animatori-petreceri-copii-masha-peris.mdx
superparty,animatori-petreceri-copii-masha-vidra,animatori-petreceri-copii-masha-vidra.mdx
superparty,animatori-petreceri-copii-mickey-mouse-balotesti,animatori-petreceri-copii-mickey-mouse-balotesti.mdx
superparty,animatori-petreceri-copii-mickey-mouse-bragadiru,animatori-petreceri-copii-mickey-mouse-bragadiru.mdx
superparty,animatori-petreceri-copii-mickey-mouse-cernica,animatori-petreceri-copii-mickey-mouse-cernica.mdx
superparty,animatori-petreceri-copii-mickey-mouse-ciolpani,animatori-petreceri-copii-mickey-mouse-ciolpani.mdx
superparty,animatori-petreceri-copii-mickey-mouse-corbeanca,animatori-petreceri-copii-mickey-mouse-corbeanca.mdx
superparty,animatori-petreceri-copii-mickey-mouse-cornetu,animatori-petreceri-copii-mickey-mouse-cornetu.mdx
superparty,animatori-petreceri-copii-mickey-mouse-ganeasa,animatori-petreceri-copii-mickey-mouse-ganeasa.mdx
superparty,animatori-petreceri-copii-mickey-mouse-glina,animatori-petreceri-copii-mickey-mouse-glina.mdx
superparty,animatori-petreceri-copii-mickey-mouse-gruiu,animatori-petreceri-copii-mickey-mouse-gruiu.mdx
superparty,animatori-petreceri-copii-mickey-mouse-nuci,animatori-petreceri-copii-mickey-mouse-nuci.mdx
superparty,animatori-petreceri-copii-mickey-mouse-petrachioaia,animatori-petreceri-copii-mickey-mouse-petrachioaia.mdx
superparty,animatori-petreceri-copii-mickey-mouse-popesti-leordeni,animatori-petreceri-copii-mickey-mouse-popesti-leordeni.mdx
superparty,animatori-petreceri-copii-mickey-mouse-sector-3,animatori-petreceri-copii-mickey-mouse-sector-3.mdx
superparty,animatori-petreceri-copii-mickey-mouse-tunari,animatori-petreceri-copii-mickey-mouse-tunari.mdx
superparty,animatori-petreceri-copii-mickey-mouse-vidra,animatori-petreceri-copii-mickey-mouse-vidra.mdx
superparty,animatori-petreceri-copii-mickey-mouse-voluntari,animatori-petreceri-copii-mickey-mouse-voluntari.mdx
superparty,animatori-petreceri-copii-militari-bucuresti,animatori-petreceri-copii-militari-bucuresti.mdx
superparty,animatori-petreceri-copii-militari-sector-6-bucuresti,animatori-petreceri-copii-militari-sector-6-bucuresti.mdx
superparty,animatori-petreceri-copii-minnie-mouse-balotesti,animatori-petreceri-copii-minnie-mouse-balotesti.mdx
superparty,animatori-petreceri-copii-minnie-mouse-branesti,animatori-petreceri-copii-minnie-mouse-branesti.mdx
superparty,animatori-petreceri-copii-minnie-mouse-chitila,animatori-petreceri-copii-minnie-mouse-chitila.mdx
superparty,animatori-petreceri-copii-minnie-mouse-clinceni,animatori-petreceri-copii-minnie-mouse-clinceni.mdx
superparty,animatori-petreceri-copii-minnie-mouse-cornetu,animatori-petreceri-copii-minnie-mouse-cornetu.mdx
superparty,animatori-petreceri-copii-minnie-mouse-gradistea,animatori-petreceri-copii-minnie-mouse-gradistea.mdx
superparty,animatori-petreceri-copii-minnie-mouse-jilava,animatori-petreceri-copii-minnie-mouse-jilava.mdx
superparty,animatori-petreceri-copii-minnie-mouse-magurele,animatori-petreceri-copii-minnie-mouse-magurele.mdx
superparty,animatori-petreceri-copii-minnie-mouse-nuci,animatori-petreceri-copii-minnie-mouse-nuci.mdx
superparty,animatori-petreceri-copii-minnie-mouse-petrachioaia,animatori-petreceri-copii-minnie-mouse-petrachioaia.mdx
superparty,animatori-petreceri-copii-minnie-mouse-popesti-leordeni,animatori-petreceri-copii-minnie-mouse-popesti-leordeni.mdx
superparty,animatori-petreceri-copii-minnie-mouse-sector-5,animatori-petreceri-copii-minnie-mouse-sector-5.mdx
superparty,animatori-petreceri-copii-minnie-mouse-snagov,animatori-petreceri-copii-minnie-mouse-snagov.mdx
superparty,animatori-petreceri-copii-minnie-mouse-voluntari,animatori-petreceri-copii-minnie-mouse-voluntari.mdx
superparty,animatori-petreceri-copii-miraculous-ladybug-afumati,animatori-petreceri-copii-miraculous-ladybug-afumati.mdx
superparty,animatori-petreceri-copii-miraculous-ladybug-berceni,animatori-petreceri-copii-miraculous-ladybug-berceni.mdx
superparty,animatori-petreceri-copii-miraculous-ladybug-cernica,animatori-petreceri-copii-miraculous-ladybug-cernica.mdx
superparty,animatori-petreceri-copii-miraculous-ladybug-chiajna,animatori-petreceri-copii-miraculous-ladybug-chiajna.mdx
superparty,animatori-petreceri-copii-miraculous-ladybug-ciolpani,animatori-petreceri-copii-miraculous-ladybug-ciolpani.mdx
superparty,animatori-petreceri-copii-miraculous-ladybug-clinceni,animatori-petreceri-copii-miraculous-ladybug-clinceni.mdx
superparty,animatori-petreceri-copii-miraculous-ladybug-copaceni,animatori-petreceri-copii-miraculous-ladybug-copaceni.mdx
superparty,animatori-petreceri-copii-miraculous-ladybug-domnesti,animatori-petreceri-copii-miraculous-ladybug-domnesti.mdx
superparty,animatori-petreceri-copii-miraculous-ladybug-glina,animatori-petreceri-copii-miraculous-ladybug-glina.mdx
superparty,animatori-petreceri-copii-miraculous-ladybug-jilava,animatori-petreceri-copii-miraculous-ladybug-jilava.mdx
superparty,animatori-petreceri-copii-miraculous-ladybug-moara-vlasiei,animatori-petreceri-copii-miraculous-ladybug-moara-vlasiei.mdx
superparty,animatori-petreceri-copii-miraculous-ladybug-otopeni,animatori-petreceri-copii-miraculous-ladybug-otopeni.mdx
superparty,animatori-petreceri-copii-miraculous-ladybug-pantelimon,animatori-petreceri-copii-miraculous-ladybug-pantelimon.mdx
superparty,animatori-petreceri-copii-miraculous-ladybug-snagov,animatori-petreceri-copii-miraculous-ladybug-snagov.mdx
superparty,animatori-petreceri-copii-miraculous-ladybug-stefanestii-de-jos,animatori-petreceri-copii-miraculous-ladybug-stefanestii-de-jos.mdx
superparty,animatori-petreceri-copii-miraculous-ladybug-tunari,animatori-petreceri-copii-miraculous-ladybug-tunari.mdx
superparty,animatori-petreceri-copii-miraculous-ladybug-voluntari,animatori-petreceri-copii-miraculous-ladybug-voluntari.mdx
superparty,animatori-petreceri-copii-moara-vlasiei-ilfov,animatori-petreceri-copii-moara-vlasiei-ilfov.mdx
superparty,animatori-petreceri-copii-nuci-ilfov,animatori-petreceri-copii-nuci-ilfov.mdx
superparty,animatori-petreceri-copii-obor-bucuresti,animatori-petreceri-copii-obor-bucuresti.mdx
superparty,animatori-petreceri-copii-pantelimon-cartier-bucuresti,animatori-petreceri-copii-pantelimon-cartier-bucuresti.mdx
superparty,animatori-petreceri-copii-petrachioaia-ilfov,animatori-petreceri-copii-petrachioaia-ilfov.mdx
superparty,animatori-petreceri-copii-pipera-bucuresti,animatori-petreceri-copii-pipera-bucuresti.mdx
superparty,animatori-petreceri-copii-pirati-cernica,animatori-petreceri-copii-pirati-cernica.mdx
superparty,animatori-petreceri-copii-pirati-chiajna,animatori-petreceri-copii-pirati-chiajna.mdx
superparty,animatori-petreceri-copii-pirati-ciorogarla,animatori-petreceri-copii-pirati-ciorogarla.mdx
superparty,animatori-petreceri-copii-pirati-copaceni,animatori-petreceri-copii-pirati-copaceni.mdx
superparty,animatori-petreceri-copii-pirati-dobroesti,animatori-petreceri-copii-pirati-dobroesti.mdx
superparty,animatori-petreceri-copii-pirati-glina,animatori-petreceri-copii-pirati-glina.mdx
superparty,animatori-petreceri-copii-pirati-gradistea,animatori-petreceri-copii-pirati-gradistea.mdx
superparty,animatori-petreceri-copii-pirati-jilava,animatori-petreceri-copii-pirati-jilava.mdx
superparty,animatori-petreceri-copii-pirati-mogosoaia,animatori-petreceri-copii-pirati-mogosoaia.mdx
superparty,animatori-petreceri-copii-pirati-nuci,animatori-petreceri-copii-pirati-nuci.mdx
superparty,animatori-petreceri-copii-pirati-peris,animatori-petreceri-copii-pirati-peris.mdx
superparty,animatori-petreceri-copii-pirati-petrachioaia,animatori-petreceri-copii-pirati-petrachioaia.mdx
superparty,animatori-petreceri-copii-pirati-sector-2,animatori-petreceri-copii-pirati-sector-2.mdx
superparty,animatori-petreceri-copii-pirati-snagov,animatori-petreceri-copii-pirati-snagov.mdx
superparty,animatori-petreceri-copii-pirati-voluntari,animatori-petreceri-copii-pirati-voluntari.mdx
superparty,animatori-petreceri-copii-rahova-bucuresti,animatori-petreceri-copii-rahova-bucuresti.mdx
superparty,animatori-petreceri-copii-rahova-ferentari-bucuresti,animatori-petreceri-copii-rahova-ferentari-bucuresti.mdx
superparty,animatori-petreceri-copii-rapunzel-chiajna,animatori-petreceri-copii-rapunzel-chiajna.mdx
superparty,animatori-petreceri-copii-rapunzel-dascalu,animatori-petreceri-copii-rapunzel-dascalu.mdx
superparty,animatori-petreceri-copii-rapunzel-dobroesti,animatori-petreceri-copii-rapunzel-dobroesti.mdx
superparty,animatori-petreceri-copii-rapunzel-otopeni,animatori-petreceri-copii-rapunzel-otopeni.mdx
superparty,animatori-petreceri-copii-rapunzel-pantelimon,animatori-petreceri-copii-rapunzel-pantelimon.mdx
superparty,animatori-petreceri-copii-rapunzel-popesti-leordeni,animatori-petreceri-copii-rapunzel-popesti-leordeni.mdx
superparty,animatori-petreceri-copii-rapunzel-sector-3,animatori-petreceri-copii-rapunzel-sector-3.mdx
superparty,animatori-petreceri-copii-rapunzel-sector-5,animatori-petreceri-copii-rapunzel-sector-5.mdx
superparty,animatori-petreceri-copii-rapunzel-sector-6,animatori-petreceri-copii-rapunzel-sector-6.mdx
superparty,animatori-petreceri-copii-rapunzel-voluntari,animatori-petreceri-copii-rapunzel-voluntari.mdx
superparty,animatori-petreceri-copii-sector-1-aviatiei-dorobanti,animatori-petreceri-copii-sector-1-aviatiei-dorobanti.mdx
superparty,animatori-petreceri-copii-skye-paw-patrol-balotesti,animatori-petreceri-copii-skye-paw-patrol-balotesti.mdx
superparty,animatori-petreceri-copii-skye-paw-patrol-baneasa,animatori-petreceri-copii-skye-paw-patrol-baneasa.mdx
superparty,animatori-petreceri-copii-skye-paw-patrol-buftea,animatori-petreceri-copii-skye-paw-patrol-buftea.mdx
superparty,animatori-petreceri-copii-skye-paw-patrol-ciorogarla,animatori-petreceri-copii-skye-paw-patrol-ciorogarla.mdx
superparty,animatori-petreceri-copii-skye-paw-patrol-dobroesti,animatori-petreceri-copii-skye-paw-patrol-dobroesti.mdx
superparty,animatori-petreceri-copii-skye-paw-patrol-glina,animatori-petreceri-copii-skye-paw-patrol-glina.mdx
superparty,animatori-petreceri-copii-skye-paw-patrol-gruiu,animatori-petreceri-copii-skye-paw-patrol-gruiu.mdx
superparty,animatori-petreceri-copii-skye-paw-patrol-nuci,animatori-petreceri-copii-skye-paw-patrol-nuci.mdx
superparty,animatori-petreceri-copii-skye-paw-patrol-popesti-leordeni,animatori-petreceri-copii-skye-paw-patrol-popesti-leordeni.mdx
superparty,animatori-petreceri-copii-skye-paw-patrol-sector-5,animatori-petreceri-copii-skye-paw-patrol-sector-5.mdx
superparty,animatori-petreceri-copii-skye-paw-patrol-tunari,animatori-petreceri-copii-skye-paw-patrol-tunari.mdx
superparty,animatori-petreceri-copii-snagov-ilfov,animatori-petreceri-copii-snagov-ilfov.mdx
superparty,animatori-petreceri-copii-sonic-afumati,animatori-petreceri-copii-sonic-afumati.mdx
superparty,animatori-petreceri-copii-sonic-balotesti,animatori-petreceri-copii-sonic-balotesti.mdx
superparty,animatori-petreceri-copii-sonic-berceni,animatori-petreceri-copii-sonic-berceni.mdx
superparty,animatori-petreceri-copii-sonic-branesti,animatori-petreceri-copii-sonic-branesti.mdx
superparty,animatori-petreceri-copii-sonic-cornetu,animatori-petreceri-copii-sonic-cornetu.mdx
superparty,animatori-petreceri-copii-sonic-domnesti,animatori-petreceri-copii-sonic-domnesti.mdx
superparty,animatori-petreceri-copii-sonic-dragomiresti-vale,animatori-petreceri-copii-sonic-dragomiresti-vale.mdx
superparty,animatori-petreceri-copii-sonic-ganeasa,animatori-petreceri-copii-sonic-ganeasa.mdx
superparty,animatori-petreceri-copii-sonic-moara-vlasiei,animatori-petreceri-copii-sonic-moara-vlasiei.mdx
superparty,animatori-petreceri-copii-sonic-nuci,animatori-petreceri-copii-sonic-nuci.mdx
superparty,animatori-petreceri-copii-sonic-sector-2,animatori-petreceri-copii-sonic-sector-2.mdx
superparty,animatori-petreceri-copii-sonic-sector-4,animatori-petreceri-copii-sonic-sector-4.mdx
superparty,animatori-petreceri-copii-spider-man-1-decembrie,animatori-petreceri-copii-spider-man-1-decembrie.mdx
superparty,animatori-petreceri-copii-spider-man-baneasa,animatori-petreceri-copii-spider-man-baneasa.mdx
superparty,animatori-petreceri-copii-spider-man-branesti,animatori-petreceri-copii-spider-man-branesti.mdx
superparty,animatori-petreceri-copii-spider-man-buftea,animatori-petreceri-copii-spider-man-buftea.mdx
superparty,animatori-petreceri-copii-spider-man-chitila,animatori-petreceri-copii-spider-man-chitila.mdx
superparty,animatori-petreceri-copii-spider-man-ciorogarla,animatori-petreceri-copii-spider-man-ciorogarla.mdx
superparty,animatori-petreceri-copii-spider-man-copaceni,animatori-petreceri-copii-spider-man-copaceni.mdx
superparty,animatori-petreceri-copii-spider-man-corbeanca,animatori-petreceri-copii-spider-man-corbeanca.mdx
superparty,animatori-petreceri-copii-spider-man-magurele,animatori-petreceri-copii-spider-man-magurele.mdx
superparty,animatori-petreceri-copii-spider-man-mogosoaia,animatori-petreceri-copii-spider-man-mogosoaia.mdx
superparty,animatori-petreceri-copii-spider-man-otopeni,animatori-petreceri-copii-spider-man-otopeni.mdx
superparty,animatori-petreceri-copii-spider-man-pantelimon,animatori-petreceri-copii-spider-man-pantelimon.mdx
superparty,animatori-petreceri-copii-spider-man-petrachioaia,animatori-petreceri-copii-spider-man-petrachioaia.mdx
superparty,animatori-petreceri-copii-spider-man-sector-1,animatori-petreceri-copii-spider-man-sector-1.mdx
superparty,animatori-petreceri-copii-spider-man-sector-2,animatori-petreceri-copii-spider-man-sector-2.mdx
superparty,animatori-petreceri-copii-spider-man-sector-3,animatori-petreceri-copii-spider-man-sector-3.mdx
superparty,animatori-petreceri-copii-spider-man-sector-6,animatori-petreceri-copii-spider-man-sector-6.mdx
superparty,animatori-petreceri-copii-spider-man-tunari,animatori-petreceri-copii-spider-man-tunari.mdx
superparty,animatori-petreceri-copii-tineretului-bucuresti,animatori-petreceri-copii-tineretului-bucuresti.mdx
superparty,animatori-petreceri-copii-titan-bucuresti,animatori-petreceri-copii-titan-bucuresti.mdx
superparty,animatori-petreceri-copii-tunari-ilfov,animatori-petreceri-copii-tunari-ilfov.mdx
superparty,animatori-petreceri-copii-ursul-baneasa,animatori-petreceri-copii-ursul-baneasa.mdx
superparty,animatori-petreceri-copii-ursul-buftea,animatori-petreceri-copii-ursul-buftea.mdx
superparty,animatori-petreceri-copii-ursul-ciolpani,animatori-petreceri-copii-ursul-ciolpani.mdx
superparty,animatori-petreceri-copii-ursul-ciorogarla,animatori-petreceri-copii-ursul-ciorogarla.mdx
superparty,animatori-petreceri-copii-ursul-glina,animatori-petreceri-copii-ursul-glina.mdx
superparty,animatori-petreceri-copii-ursul-jilava,animatori-petreceri-copii-ursul-jilava.mdx
superparty,animatori-petreceri-copii-ursul-magurele,animatori-petreceri-copii-ursul-magurele.mdx
superparty,animatori-petreceri-copii-ursul-mogosoaia,animatori-petreceri-copii-ursul-mogosoaia.mdx
superparty,animatori-petreceri-copii-ursul-pantelimon,animatori-petreceri-copii-ursul-pantelimon.mdx
superparty,animatori-petreceri-copii-ursul-sector-1,animatori-petreceri-copii-ursul-sector-1.mdx
superparty,animatori-petreceri-copii-ursul-sector-3,animatori-petreceri-copii-ursul-sector-3.mdx
superparty,animatori-petreceri-copii-ursul-sector-4,animatori-petreceri-copii-ursul-sector-4.mdx
superparty,arcade-baloane-petreceri-bucuresti-modele-preturi,arcade-baloane-petreceri-bucuresti-modele-preturi.mdx
superparty,arcade-baloane-petreceri-copii-bucuresti-preturi,arcade-baloane-petreceri-copii-bucuresti-preturi.mdx
superparty,auto-assign-banners,auto-assign-banners.mdx
superparty,baloane-cu-heliu-petreceri-copii-bucuresti-2025,baloane-cu-heliu-petreceri-copii-bucuresti-2025.mdx
superparty,baloane-decor,baloane-decor.mdx
superparty,baloane-decoratiuni-botez-bucuresti-idei-2025,baloane-decoratiuni-botez-bucuresti-idei-2025.mdx
superparty,baloane-modelate-copii-petreceri-ce-se-poate-face,baloane-modelate-copii-petreceri-ce-se-poate-face.mdx
superparty,cat-costa-animator-petreceri-copii-2025-preturi,cat-costa-animator-petreceri-copii-2025-preturi.mdx
superparty,cat-costa-petrecere-ziua-copilului-bucuresti-2025,cat-costa-petrecere-ziua-copilului-bucuresti-2025.mdx
superparty,ce-include-pachet-animatori-petreceri-copii-complet,ce-include-pachet-animatori-petreceri-copii-complet.mdx
superparty,cum-alegi-animator-bun-petrecere-copil-ghid-2025,cum-alegi-animator-bun-petrecere-copil-ghid-2025.mdx
superparty,cum-alegi-sala-petrecere-copii-bucuresti-ghid-2025,cum-alegi-sala-petrecere-copii-bucuresti-ghid-2025.mdx
superparty,cum-faci-surpriza-petrecere-copii-sfaturi,cum-faci-surpriza-petrecere-copii-sfaturi.mdx
superparty,cum-implici-copilul-planificarea-petrecerii,cum-implici-copilul-planificarea-petrecerii.mdx
superparty,cum-organizezi-petrecere-acasa-ghid-complet,cum-organizezi-petrecere-acasa-ghid-complet.mdx
superparty,diplome-premii-petreceri-copii-idei,diplome-premii-petreceri-copii-idei.mdx
superparty,faq-animatori-petreceri-copii-bucuresti-intrebari-frecvente,faq-animatori-petreceri-copii-bucuresti-intrebari-frecvente.mdx
superparty,fotografii-frumoase-petrecere-copil-sfaturi,fotografii-frumoase-petrecere-copil-sfaturi.mdx
superparty,fotografii-petrecere-copii-cum-capturezi-cei-mai-buni,fotografii-petrecere-copii-cum-capturezi-cei-mai-buni.mdx
superparty,goodie-bags-petreceri-copii-idei-originale,goodie-bags-petreceri-copii-idei-originale.mdx
superparty,greseli-frecvente-organizare-petreceri-copii,greseli-frecvente-organizare-petreceri-copii.mdx
superparty,idei-cadouri-goodie-bags-petrecere-copii-bucuresti,idei-cadouri-goodie-bags-petrecere-copii-bucuresti.mdx
superparty,idei-petrecere-copil-10-ani-bucuresti,idei-petrecere-copil-10-ani-bucuresti.mdx
superparty,idei-petrecere-copil-3-ani-bucuresti,idei-petrecere-copil-3-ani-bucuresti.mdx
superparty,idei-petrecere-copil-4-ani-bucuresti,idei-petrecere-copil-4-ani-bucuresti.mdx
superparty,idei-petrecere-copil-5-ani-bucuresti-2025,idei-petrecere-copil-5-ani-bucuresti-2025.mdx
superparty,idei-petrecere-copil-6-ani-bucuresti,idei-petrecere-copil-6-ani-bucuresti.mdx
superparty,idei-petrecere-copil-7-ani-bucuresti,idei-petrecere-copil-7-ani-bucuresti.mdx
superparty,idei-petrecere-copil-8-ani-bucuresti,idei-petrecere-copil-8-ani-bucuresti.mdx
superparty,idei-petrecere-copil-9-ani-bucuresti,idei-petrecere-copil-9-ani-bucuresti.mdx
superparty,intrebari-frecvente-animatori-petreceri-copii-faq,intrebari-frecvente-animatori-petreceri-copii-faq.mdx
superparty,jocuri-interactive-copii-petreceri-top-10,jocuri-interactive-copii-petreceri-top-10.mdx
superparty,numar-ideal-invitati-petrecere-copil-sfaturi,numar-ideal-invitati-petrecere-copil-sfaturi.mdx
superparty,ocazii-speciale,ocazii-speciale.mdx
superparty,personaje-costume,personaje-costume.mdx
superparty,petrecere-1-iunie-animatori-bucuresti-idei,petrecere-1-iunie-animatori-bucuresti-idei.mdx
superparty,petrecere-botez-animatori-prima-aniversare-bucuresti,petrecere-botez-animatori-prima-aniversare-bucuresti.mdx
superparty,petrecere-botez-cu-animatori-bucuresti-ghid,petrecere-botez-cu-animatori-bucuresti-ghid.mdx
superparty,petrecere-copii-zero-stres-parinti-sfaturi,petrecere-copii-zero-stres-parinti-sfaturi.mdx
superparty,petrecere-craciun-copii-mos-craciun-bucuresti,petrecere-craciun-copii-mos-craciun-bucuresti.mdx
superparty,petrecere-craciun-revelion-copii-bucuresti-animatopia,petrecere-craciun-revelion-copii-bucuresti-animatopia.mdx
superparty,petrecere-decoratiuni-flori-natura-fete-bucuresti,petrecere-decoratiuni-flori-natura-fete-bucuresti.mdx
superparty,petrecere-halloween-copii-bucuresti-2025,petrecere-halloween-copii-bucuresti-2025.mdx
superparty,petrecere-halloween-copii-bucuresti-animatori,petrecere-halloween-copii-bucuresti-animatori.mdx
superparty,petrecere-in-aer-liber-copii-bucuresti-sfaturi,petrecere-in-aer-liber-copii-bucuresti-sfaturi.mdx
superparty,petrecere-majorat-animatori-show-bucuresti,petrecere-majorat-animatori-show-bucuresti.mdx
superparty,petrecere-paste-copii-animatori-bucuresti,petrecere-paste-copii-animatori-bucuresti.mdx
superparty,petrecere-sala-vs-acasa-bucuresti-comparatie,petrecere-sala-vs-acasa-bucuresti-comparatie.mdx
superparty,petrecere-stiinta-experimente-copii-bucuresti,petrecere-stiinta-experimente-copii-bucuresti.mdx
superparty,petrecere-tema-fotografie-fashion-fetite-bucuresti,petrecere-tema-fotografie-fashion-fetite-bucuresti.mdx
superparty,petrecere-tematica-among-us-copii-bucuresti,petrecere-tematica-among-us-copii-bucuresti.mdx
superparty,petrecere-tematica-angry-birds-baieti-bucuresti,petrecere-tematica-angry-birds-baieti-bucuresti.mdx
superparty,petrecere-tematica-animale-farm-copii-mici-bucuresti,petrecere-tematica-animale-farm-copii-mici-bucuresti.mdx
superparty,petrecere-tematica-avatar-airbender-copii-bucuresti,petrecere-tematica-avatar-airbender-copii-bucuresti.mdx
superparty,petrecere-tematica-barbie-fetite-bucuresti-2025,petrecere-tematica-barbie-fetite-bucuresti-2025.mdx
superparty,petrecere-tematica-bluey-bingo-copii-bucuresti,petrecere-tematica-bluey-bingo-copii-bucuresti.mdx
superparty,petrecere-tematica-bluey-familie-bucuresti,petrecere-tematica-bluey-familie-bucuresti.mdx
superparty,petrecere-tematica-bluey-keepy-uppy-copii,petrecere-tematica-bluey-keepy-uppy-copii.mdx
superparty,petrecere-tematica-candy-land-dulciuri-copii-bucuresti,petrecere-tematica-candy-land-dulciuri-copii-bucuresti.mdx
superparty,petrecere-tematica-cars-disney-pixar-bucuresti,petrecere-tematica-cars-disney-pixar-bucuresti.mdx
superparty,petrecere-tematica-chef-bucatar-copii-bucuresti,petrecere-tematica-chef-bucatar-copii-bucuresti.mdx
superparty,petrecere-tematica-circ-magie-copii-bucuresti,petrecere-tematica-circ-magie-copii-bucuresti.mdx
superparty,petrecere-tematica-curcubeu-rainbow-copii-bucuresti,petrecere-tematica-curcubeu-rainbow-copii-bucuresti.mdx
superparty,petrecere-tematica-dinosauri-jurassic-bucuresti,petrecere-tematica-dinosauri-jurassic-bucuresti.mdx
superparty,petrecere-tematica-dinozauri-baieti-bucuresti,petrecere-tematica-dinozauri-baieti-bucuresti.mdx
superparty,petrecere-tematica-disney-printese-bucuresti,petrecere-tematica-disney-printese-bucuresti.mdx
superparty,petrecere-tematica-encanto-mirabel-bucuresti,petrecere-tematica-encanto-mirabel-bucuresti.mdx
superparty,petrecere-tematica-flamingo-tropical-fetite-bucuresti,petrecere-tematica-flamingo-tropical-fetite-bucuresti.mdx
superparty,petrecere-tematica-fotbal-baieti-bucuresti,petrecere-tematica-fotbal-baieti-bucuresti.mdx
superparty,petrecere-tematica-frozen-elsa-ana-bucuresti,petrecere-tematica-frozen-elsa-ana-bucuresti.mdx
superparty,petrecere-tematica-harry-potter-copii-bucuresti,petrecere-tematica-harry-potter-copii-bucuresti.mdx
superparty,petrecere-tematica-incredibles-copii-bucuresti,petrecere-tematica-incredibles-copii-bucuresti.mdx
superparty,petrecere-tematica-jungle-safari-copii-bucuresti,petrecere-tematica-jungle-safari-copii-bucuresti.mdx
superparty,petrecere-tematica-lego-baieti-bucuresti,petrecere-tematica-lego-baieti-bucuresti.mdx
superparty,petrecere-tematica-masha-ursul-bucuresti,petrecere-tematica-masha-ursul-bucuresti.mdx
superparty,petrecere-tematica-medic-spital-copii-bucuresti,petrecere-tematica-medic-spital-copii-bucuresti.mdx
superparty,petrecere-tematica-minecraft-baieti-bucuresti,petrecere-tematica-minecraft-baieti-bucuresti.mdx
superparty,petrecere-tematica-miraculous-ladybug-bucuresti,petrecere-tematica-miraculous-ladybug-bucuresti.mdx
superparty,petrecere-tematica-moana-disney-bucuresti,petrecere-tematica-moana-disney-bucuresti.mdx
superparty,petrecere-tematica-my-little-pony-bucuresti,petrecere-tematica-my-little-pony-bucuresti.mdx
superparty,petrecere-tematica-nemo-dory-bucuresti,petrecere-tematica-nemo-dory-bucuresti.mdx
superparty,petrecere-tematica-ninja-baieti-bucuresti,petrecere-tematica-ninja-baieti-bucuresti.mdx
superparty,petrecere-tematica-paw-patrol-bucuresti,petrecere-tematica-paw-patrol-bucuresti.mdx
superparty,petrecere-tematica-peppa-pig-copii-mici-bucuresti,petrecere-tematica-peppa-pig-copii-mici-bucuresti.mdx
superparty,petrecere-tematica-peter-pan-neverland-bucuresti,petrecere-tematica-peter-pan-neverland-bucuresti.mdx
superparty,petrecere-tematica-pokemon-pikachu-bucuresti,petrecere-tematica-pokemon-pikachu-bucuresti.mdx
superparty,petrecere-tematica-roblox-copii-bucuresti,petrecere-tematica-roblox-copii-bucuresti.mdx
superparty,petrecere-tematica-scooby-doo-bucuresti,petrecere-tematica-scooby-doo-bucuresti.mdx
superparty,petrecere-tematica-scooby-doo-vanatoare-fantome-bucuresti,petrecere-tematica-scooby-doo-vanatoare-fantome-bucuresti.mdx
superparty,petrecere-tematica-space-cosmos-copii-bucuresti,petrecere-tematica-space-cosmos-copii-bucuresti.mdx
superparty,petrecere-tematica-spiderman-marvel-bucuresti,petrecere-tematica-spiderman-marvel-bucuresti.mdx
superparty,petrecere-tematica-supereroi-marvel-dc-bucuresti,petrecere-tematica-supereroi-marvel-dc-bucuresti.mdx
superparty,petrecere-tematica-superhero-girl-fetite-bucuresti,petrecere-tematica-superhero-girl-fetite-bucuresti.mdx
superparty,petrecere-tematica-toy-story-pixar-bucuresti,petrecere-tematica-toy-story-pixar-bucuresti.mdx
superparty,petrecere-tematica-trolls-copii-bucuresti,petrecere-tematica-trolls-copii-bucuresti.mdx
superparty,petrecere-tematica-unicorn-fetite-bucuresti,petrecere-tematica-unicorn-fetite-bucuresti.mdx
superparty,petrecere-tematica-vanatoare-comori-bucuresti,petrecere-tematica-vanatoare-comori-bucuresti.mdx
superparty,petrecere-tematica-western-cowboys-baieti-bucuresti,petrecere-tematica-western-cowboys-baieti-bucuresti.mdx
superparty,petrecere-tematica-winnie-the-pooh-bucuresti,petrecere-tematica-winnie-the-pooh-bucuresti.mdx
superparty,petrecere-ziua-mamei-cu-copii-bucuresti,petrecere-ziua-mamei-cu-copii-bucuresti.mdx
superparty,pictura-pe-fata-petreceri-copii-ghid-complet,pictura-pe-fata-petreceri-copii-ghid-complet.mdx
superparty,rezervare-animatori-petreceri-din-timp-importanta,rezervare-animatori-petreceri-din-timp-importanta.mdx
superparty,sala-vs-acasa-petrecere-copil-bucuresti-comparatie,sala-vs-acasa-petrecere-copil-bucuresti-comparatie.mdx
superparty,seo-local-test-abc123,seo-local-test-abc123.mdx
superparty,seo-local,seo-local.mdx
superparty,servicii-complete-animatori-petreceri-copii-bucuresti-ilfov,servicii-complete-animatori-petreceri-copii-bucuresti-ilfov.mdx
superparty,sfaturi-ghiduri,sfaturi-ghiduri.mdx
superparty,spectacol-magie-copii-bucuresti-iluzionism-petrecere,spectacol-magie-copii-bucuresti-iluzionism-petrecere.mdx
superparty,spectacol-magie-copii-petreceri-bucuresti,spectacol-magie-copii-petreceri-bucuresti.mdx
superparty,supereroi-vs-printese-tema-petrecere-bucuresti,supereroi-vs-printese-tema-petrecere-bucuresti.mdx
superparty,teme-petrecere,teme-petrecere.mdx
superparty,top-10-personaje-disney-petreceri-fetite-bucuresti-2025,top-10-personaje-disney-petreceri-fetite-bucuresti-2025.mdx
superparty,top-5-personaje-disney-cerute-petreceri-bucuresti-2025,top-5-personaje-disney-cerute-petreceri-bucuresti-2025.mdx
superparty,tot-ce-trebuie-sa-stii-angajare-animator-costumat,tot-ce-trebuie-sa-stii-angajare-animator-costumat.mdx
