slug,title,url,issue
animator-pikachu-pokemon-petreceri-copii-bucuresti,Animator Pikachu Pokemon Petreceri Copii București – Pokemon | Superparty.ro,https://superparty.ro/petreceri/animator-pikachu-pokemon-petreceri-copii-bucuresti,
animator-superman-dc-petreceri-copii-bucuresti,Animator Superman Petreceri Copii București – DC | Superparty.ro,https://superparty.ro/petreceri/animator-superman-dc-petreceri-copii-bucuresti,
animator-superman-petreceri-copii-bucuresti,Animator Superman Petreceri Copii București – Superman | Superparty.ro,https://superparty.ro/petreceri/animator-superman-petreceri-copii-bucuresti,
animatori-petreceri-botez-bucuresti-ghid,Animator Botez București | Personaj Botez Ghid | Superparty.ro,https://superparty.ro/petreceri/animatori-petreceri-botez-bucuresti-ghid,
animatori-petreceri-copii-ariel-1-decembrie,Animator Albă ca Zăpada Petreceri Copii 1 Decembrie – Decembrie | Superparty.ro,https://superparty.ro/petreceri/animatori-petreceri-copii-ariel-1-decembrie,
animatori-petreceri-copii-batman-moara-vlasiei,Animator Batman Petreceri Copii Moara Vlăsiei | Superparty.ro,https://superparty.ro/petreceri/animatori-petreceri-copii-batman-moara-vlasiei,
animatori-petreceri-copii-bumblebee-moara-vlasiei,Animator Bumblebee Transformers Petreceri Copii Moara Vlăsiei | Superparty.ro,https://superparty.ro/petreceri/animatori-petreceri-copii-bumblebee-moara-vlasiei,
animatori-petreceri-copii-bumblebee-sector-3,Animator Bumblebee Transformers Petreceri Copii Sector 3 București | Superparty.ro,https://superparty.ro/petreceri/animatori-petreceri-copii-bumblebee-sector-3,
animatori-petreceri-copii-bumblebee-sector-6,Animator Bumblebee Transformers Petreceri Copii Sector 6 București | Superparty.ro,https://superparty.ro/petreceri/animatori-petreceri-copii-bumblebee-sector-6,
animatori-petreceri-copii-iron-man-1-decembrie,Animator Albă ca Zăpada Petreceri Copii 1 Decembrie – Decembrie | Superparty.ro,https://superparty.ro/petreceri/animatori-petreceri-copii-iron-man-1-decembrie,
animatori-petreceri-copii-iron-man-moara-vlasiei,Animator Iron Man Petreceri Copii Moara Vlăsiei | Superparty.ro,https://superparty.ro/petreceri/animatori-petreceri-copii-iron-man-moara-vlasiei,
animatori-petreceri-copii-spider-man-sector-1,Animator Spiderman Petreceri Copii Sector 1 București | Superparty.ro,https://superparty.ro/petreceri/animatori-petreceri-copii-spider-man-sector-1,
animatori-petreceri-copii-spider-man-sector-3,Animator Spiderman Petreceri Copii Sector 3 București | Superparty.ro,https://superparty.ro/petreceri/animatori-petreceri-copii-spider-man-sector-3,
animatori-petreceri-copii-spider-man-sector-6,Animator Spiderman Petreceri Copii Sector 6 București | Superparty.ro,https://superparty.ro/petreceri/animatori-petreceri-copii-spider-man-sector-6,
animatori-petreceri-copii-ursul-sector-1,Animator Ursul Petreceri Copii Sector 1 București | Superparty.ro,https://superparty.ro/petreceri/animatori-petreceri-copii-ursul-sector-1,
animatori-petreceri-copii-ursul-sector-4,Animator Ursul Petreceri Copii Sector 4 București | Superparty.ro,https://superparty.ro/petreceri/animatori-petreceri-copii-ursul-sector-4,
arcade-baloane-petreceri-bucuresti-modele-preturi,Animator Arcade Baloane Petreceri Modele Preturi Petreceri Copii București | Superparty.ro,https://superparty.ro/petreceri/arcade-baloane-petreceri-bucuresti-modele-preturi,
arcade-baloane-petreceri-copii-bucuresti-preturi,Animator Arcade Baloane Petreceri Copii Preturi Petreceri Copii București | Superparty.ro,https://superparty.ro/petreceri/arcade-baloane-petreceri-copii-bucuresti-preturi,
idei-petrecere-copil-4-ani-bucuresti,Animator Idei Petrecere Copil 4 Ani Petreceri Copii București | Superparty.ro,https://superparty.ro/petreceri/idei-petrecere-copil-4-ani-bucuresti,
idei-petrecere-copil-5-ani-bucuresti-2025,Animator Idei Petrecere Copil 5 Ani 2025 Petreceri Copii București | Superparty.ro,https://superparty.ro/petreceri/idei-petrecere-copil-5-ani-bucuresti-2025,
idei-petrecere-copil-6-ani-bucuresti,Animator Idei Petrecere Copil 6 Ani Petreceri Copii București | Superparty.ro,https://superparty.ro/petreceri/idei-petrecere-copil-6-ani-bucuresti,
idei-petrecere-copil-7-ani-bucuresti,Animator Idei Petrecere Copil 7 Ani Petreceri Copii București | Superparty.ro,https://superparty.ro/petreceri/idei-petrecere-copil-7-ani-bucuresti,
idei-petrecere-copil-8-ani-bucuresti,Animator Idei Petrecere Copil 8 Ani Petreceri Copii București | Superparty.ro,https://superparty.ro/petreceri/idei-petrecere-copil-8-ani-bucuresti,
idei-petrecere-copil-9-ani-bucuresti,Animator Idei Petrecere Copil 9 Ani Petreceri Copii București | Superparty.ro,https://superparty.ro/petreceri/idei-petrecere-copil-9-ani-bucuresti,
petrecere-botez-cu-animatori-bucuresti-ghid,Animator Botez București | Personaj Petrecere Botez Cu Animatori Ghid | Superparty.ro,https://superparty.ro/petreceri/petrecere-botez-cu-animatori-bucuresti-ghid,
petrecere-sala-vs-acasa-bucuresti-comparatie,Animator Petrecere Sala Vs Acasa Comparatie Petreceri Copii București | Superparty.ro,https://superparty.ro/petreceri/petrecere-sala-vs-acasa-bucuresti-comparatie,
petrecere-tematica-pokemon-pikachu-bucuresti,Animator Pikachu Pokemon Petreceri Copii București – Pikachu | Superparty.ro,https://superparty.ro/petreceri/petrecere-tematica-pokemon-pikachu-bucuresti,
sala-vs-acasa-petrecere-copil-bucuresti-comparatie,Animator Sala Vs Acasa Petrecere Copil Comparatie Petreceri Copii București | Superparty.ro,https://superparty.ro/petreceri/sala-vs-acasa-petrecere-copil-bucuresti-comparatie,
superparty-echipa-animatori-profesionisti-bucuresti,superparty-echipa-animatori-profesionisti-bucuresti,https://superparty.ro/petreceri/superparty-echipa-animatori-profesionisti-bucuresti,no_phone
