slug,title,url,testimonial_count
animatopia-despre-noi-echipa-animatori,Animatorii Superparty în București | Animatopia Despre Noi Echipa Animatori – Rezervă Acum,https://superparty.ro/petreceri/animatopia-despre-noi-echipa-animatori,3
animator-aladin-petreceri-copii-bucuresti,Animator Prințul Aladdin Petreceri Copii București | Superparty.ro,https://superparty.ro/petreceri/animator-aladin-petreceri-copii-bucuresti,3
animator-aurora-frumoasa-adormita-petreceri-copii,Animator Aurora Frumoasa Adormită Petreceri Copii București – Adormita | Superparty.ro,https://superparty.ro/petreceri/animator-aurora-frumoasa-adormita-petreceri-copii,3
animator-aurora-vs-elsa-care-e-mai-populara,Animator Aurora Frumoasa Adormită Petreceri Copii București – Populara | Superparty.ro,https://superparty.ro/petreceri/animator-aurora-vs-elsa-care-e-mai-populara,3
animator-belle-disney-petreceri-copii-bucuresti,Animator Belle Disney Petreceri Copii București | Superparty.ro,https://superparty.ro/petreceri/animator-belle-disney-petreceri-copii-bucuresti,3
animator-bumblebee-transformers-petreceri-copii,Animator Transformers Petreceri Copii București | Superparty.ro,https://superparty.ro/petreceri/animator-bumblebee-transformers-petreceri-copii,3
animator-buzz-lightyear-toy-story-petreceri-copii,Animator Buzz Lightyear Petreceri Copii București | Superparty.ro,https://superparty.ro/petreceri/animator-buzz-lightyear-toy-story-petreceri-copii,3
animator-catboy-pj-masks-petreceri-copii-bucuresti,Animator PJ Masks Petreceri Copii București – Masks | Superparty.ro,https://superparty.ro/petreceri/animator-catboy-pj-masks-petreceri-copii-bucuresti,3
animator-cenusareasa-disney-petreceri-copii-bucuresti,Animator Cenușăreasa Disney Petreceri Copii București – Disney | Superparty.ro,https://superparty.ro/petreceri/animator-cenusareasa-disney-petreceri-copii-bucuresti,3
animator-cenusareasa-petreceri-copii-bucuresti,Animator Cenușăreasa Disney Petreceri Copii București – Cenusareasa | Superparty.ro,https://superparty.ro/petreceri/animator-cenusareasa-petreceri-copii-bucuresti,3
animator-donald-duck-disney-petreceri-copii-bucuresti,Animator Donald Duck Disney Petreceri Copii București – Disney | Superparty.ro,https://superparty.ro/petreceri/animator-donald-duck-disney-petreceri-copii-bucuresti,3
animator-donald-duck-petreceri-copii-bucuresti,Animator Donald Duck Disney Petreceri Copii București – Duck | Superparty.ro,https://superparty.ro/petreceri/animator-donald-duck-petreceri-copii-bucuresti,3
animator-dragon-verde-mascota-petreceri-copii,Animator Dragon Mascotă Petreceri Copii București | Superparty.ro,https://superparty.ro/petreceri/animator-dragon-verde-mascota-petreceri-copii,3
animator-elsa-anna-frozen-impreuna-petreceri-copii,Animator Elsa & Anna Frozen Petreceri Copii București – Împreună | Superparty.ro,https://superparty.ro/petreceri/animator-elsa-anna-frozen-impreuna-petreceri-copii,3
animator-elsa-frozen-petreceri-copii-bucuresti,Animator Elsa & Anna Frozen Petreceri Copii București – Frozen | Superparty.ro,https://superparty.ro/petreceri/animator-elsa-frozen-petreceri-copii-bucuresti,3
animator-gekko-pj-masks-petreceri-copii-bucuresti,Animator PJ Masks Petreceri Copii București – Masks | Superparty.ro,https://superparty.ro/petreceri/animator-gekko-pj-masks-petreceri-copii-bucuresti,3
animator-george-pig-petreceri-copii-bucuresti,Animator George Pig Petreceri Copii București | Superparty.ro,https://superparty.ro/petreceri/animator-george-pig-petreceri-copii-bucuresti,3
animator-hello-kitty-petreceri-copii-bucuresti,Animator Hello Kitty Petreceri Copii București | Superparty.ro,https://superparty.ro/petreceri/animator-hello-kitty-petreceri-copii-bucuresti,3
animator-hulk-avengers-petreceri-copii-bucuresti,Animator Avengers Petreceri Copii București | Superparty.ro,https://superparty.ro/petreceri/animator-hulk-avengers-petreceri-copii-bucuresti,3
animator-hulk-marvel-petreceri-copii-bucuresti,Animator Hulk Avengers Petreceri Copii București | Superparty.ro,https://superparty.ro/petreceri/animator-hulk-marvel-petreceri-copii-bucuresti,3
animator-jasmine-aladdin-petreceri-copii-bucuresti,Animator Jasmine Aladdin Petreceri Copii București | Superparty.ro,https://superparty.ro/petreceri/animator-jasmine-aladdin-petreceri-copii-bucuresti,3
animator-ladybug-petreceri-copii-bucuresti,Animator Ladybug Miraculous Petreceri Copii București – Ladybug | Superparty.ro,https://superparty.ro/petreceri/animator-ladybug-petreceri-copii-bucuresti,3
animator-lightning-mcqueen-petreceri-copii-bucuresti,Animator Lightning McQueen Cars Petreceri Copii București | Superparty.ro,https://superparty.ro/petreceri/animator-lightning-mcqueen-petreceri-copii-bucuresti,3
animator-luigi-bros-petreceri-copii-bucuresti,Animator Luigi Bros Petreceri Copii București | Superparty.ro,https://superparty.ro/petreceri/animator-luigi-bros-petreceri-copii-bucuresti,3
animator-mario-bros-petreceri-copii-bucuresti,Animator Mario Bros Petreceri Copii București | Superparty.ro,https://superparty.ro/petreceri/animator-mario-bros-petreceri-copii-bucuresti,3
animator-masha-petreceri-copii-bucuresti,Animator Masha și Ursul Petreceri Copii București – Masha | Superparty.ro,https://superparty.ro/petreceri/animator-masha-petreceri-copii-bucuresti,3
animator-merida-brave-petreceri-copii-bucuresti,Animator Merida Brave Petreceri Copii București | Superparty.ro,https://superparty.ro/petreceri/animator-merida-brave-petreceri-copii-bucuresti,3
animator-minion-petreceri-copii-bucuresti,Animator Minion Petreceri Copii București | Superparty.ro,https://superparty.ro/petreceri/animator-minion-petreceri-copii-bucuresti,3
animator-moana-disney-petreceri-copii-bucuresti,Animator Moana Disney Petreceri Copii București – Disney | Superparty.ro,https://superparty.ro/petreceri/animator-moana-disney-petreceri-copii-bucuresti,3
animator-mulan-disney-petreceri-copii-bucuresti,Animator Mulan Disney Petreceri Copii București | Superparty.ro,https://superparty.ro/petreceri/animator-mulan-disney-petreceri-copii-bucuresti,3
animator-pantera-roz-petreceri-copii-bucuresti,Animator Pantera Roz Petreceri Copii București | Superparty.ro,https://superparty.ro/petreceri/animator-pantera-roz-petreceri-copii-bucuresti,3
animator-peppa-pig-petreceri-copii-bucuresti,Animator Peppa Pig Petreceri Copii București – Peppa | Superparty.ro,https://superparty.ro/petreceri/animator-peppa-pig-petreceri-copii-bucuresti,3
animator-peter-pan-niciodata-tara-petreceri-copii,Animator Peter Pan Petreceri Copii București – Tara | Superparty.ro,https://superparty.ro/petreceri/animator-peter-pan-niciodata-tara-petreceri-copii,3
animator-peter-pan-petreceri-copii-bucuresti,Animator Peter Pan Petreceri Copii București – Peter | Superparty.ro,https://superparty.ro/petreceri/animator-peter-pan-petreceri-copii-bucuresti,3
animator-pikachu-pokemon-petreceri-copii-bucuresti,Animator Pikachu Pokemon Petreceri Copii București – Pokemon | Superparty.ro,https://superparty.ro/petreceri/animator-pikachu-pokemon-petreceri-copii-bucuresti,3
animator-pirat-petreceri-copii-bucuresti-vanatoare-comori,Animator Pirat Aventurier Petreceri Copii București – Comori | Superparty.ro,https://superparty.ro/petreceri/animator-pirat-petreceri-copii-bucuresti-vanatoare-comori,3
animator-princess-peach-mario-petreceri-copii,Animator Princess Peach Mario Petreceri Copii București | Superparty.ro,https://superparty.ro/petreceri/animator-princess-peach-mario-petreceri-copii,3
animator-rainbow-dash-my-little-pony-petreceri-copii,Animator My Little Pony Petreceri Copii București – Pony | Superparty.ro,https://superparty.ro/petreceri/animator-rainbow-dash-my-little-pony-petreceri-copii,3
animator-spongebob-squarepants-petreceri-copii-bucuresti,Animator SpongeBob Petreceri Copii București | Superparty.ro,https://superparty.ro/petreceri/animator-spongebob-squarepants-petreceri-copii-bucuresti,3
animator-stitch-disney-petreceri-copii-bucuresti,Animator Stitch Disney Petreceri Copii București – Disney | Superparty.ro,https://superparty.ro/petreceri/animator-stitch-disney-petreceri-copii-bucuresti,3
animator-stitch-lilo-petreceri-copii-bucuresti,Animator Stitch Disney Petreceri Copii București – Lilo | Superparty.ro,https://superparty.ro/petreceri/animator-stitch-lilo-petreceri-copii-bucuresti,3
animator-superman-dc-petreceri-copii-bucuresti,Animator Superman Petreceri Copii București – DC | Superparty.ro,https://superparty.ro/petreceri/animator-superman-dc-petreceri-copii-bucuresti,3
animator-superman-petreceri-copii-bucuresti,Animator Superman Petreceri Copii București – Superman | Superparty.ro,https://superparty.ro/petreceri/animator-superman-petreceri-copii-bucuresti,3
animator-winx-club-stella-petreceri-copii-bucuresti,Animator Winx Club Petreceri Copii București | Superparty.ro,https://superparty.ro/petreceri/animator-winx-club-stella-petreceri-copii-bucuresti,3
animator-woody-toy-story-petreceri-copii-bucuresti,Animator Toy Story Petreceri Copii București – Story | Superparty.ro,https://superparty.ro/petreceri/animator-woody-toy-story-petreceri-copii-bucuresti,3
animatori-petreceri-botez-bucuresti-ghid,Animator Botez București | Personaj Botez Ghid | Superparty.ro,https://superparty.ro/petreceri/animatori-petreceri-botez-bucuresti-ghid,3
animatori-petreceri-copii-alba-ca-zapada-1-decembrie,Animator Albă ca Zăpada Petreceri Copii pe tema Albă ca Zăpada – Decembrie | Superparty.ro,https://superparty.ro/petreceri/animatori-petreceri-copii-alba-ca-zapada-1-decembrie,3
animatori-petreceri-copii-alba-ca-zapada-berceni,Animator Albă ca Zăpada Petreceri Copii pe tema Albă ca Zăpada – Berceni | Superparty.ro,https://superparty.ro/petreceri/animatori-petreceri-copii-alba-ca-zapada-berceni,3
animatori-petreceri-copii-alba-ca-zapada-bragadiru,Animator Albă ca Zăpada Petreceri Copii pe tema Albă ca Zăpada – Bragadiru | Superparty.ro,https://superparty.ro/petreceri/animatori-petreceri-copii-alba-ca-zapada-bragadiru,3
animatori-petreceri-copii-alba-ca-zapada-branesti,Animator Albă ca Zăpada Petreceri Copii pe tema Albă ca Zăpada – Branesti | Superparty.ro,https://superparty.ro/petreceri/animatori-petreceri-copii-alba-ca-zapada-branesti,3
animatori-petreceri-copii-alba-ca-zapada-cernica,Animator Albă ca Zăpada Petreceri Copii pe tema Albă ca Zăpada – Cernica | Superparty.ro,https://superparty.ro/petreceri/animatori-petreceri-copii-alba-ca-zapada-cernica,3
animatori-petreceri-copii-alba-ca-zapada-ciorogarla,Animator Albă ca Zăpada Petreceri Copii pe tema Albă ca Zăpada – Ciorogarla | Superparty.ro,https://superparty.ro/petreceri/animatori-petreceri-copii-alba-ca-zapada-ciorogarla,3
animatori-petreceri-copii-alba-ca-zapada-dascalu,Animator Albă ca Zăpada Petreceri Copii pe tema Albă ca Zăpada – Dascalu | Superparty.ro,https://superparty.ro/petreceri/animatori-petreceri-copii-alba-ca-zapada-dascalu,3
animatori-petreceri-copii-alba-ca-zapada-dobroesti,Animator Albă ca Zăpada Petreceri Copii pe tema Albă ca Zăpada – Dobroesti | Superparty.ro,https://superparty.ro/petreceri/animatori-petreceri-copii-alba-ca-zapada-dobroesti,3
animatori-petreceri-copii-alba-ca-zapada-domnesti,Animator Albă ca Zăpada Petreceri Copii pe tema Albă ca Zăpada – Domnesti | Superparty.ro,https://superparty.ro/petreceri/animatori-petreceri-copii-alba-ca-zapada-domnesti,3
animatori-petreceri-copii-alba-ca-zapada-ganeasa,Animator Albă ca Zăpada Petreceri Copii pe tema Albă ca Zăpada – Ganeasa | Superparty.ro,https://superparty.ro/petreceri/animatori-petreceri-copii-alba-ca-zapada-ganeasa,3
animatori-petreceri-copii-alba-ca-zapada-glina,Animator Albă ca Zăpada Petreceri Copii pe tema Albă ca Zăpada – Glina | Superparty.ro,https://superparty.ro/petreceri/animatori-petreceri-copii-alba-ca-zapada-glina,3
animatori-petreceri-copii-alba-ca-zapada-gradistea,Animator Albă ca Zăpada Petreceri Copii pe tema Albă ca Zăpada – Gradistea | Superparty.ro,https://superparty.ro/petreceri/animatori-petreceri-copii-alba-ca-zapada-gradistea,3
animatori-petreceri-copii-alba-ca-zapada-jilava,Animator Albă ca Zăpada Petreceri Copii pe tema Albă ca Zăpada – Jilava | Superparty.ro,https://superparty.ro/petreceri/animatori-petreceri-copii-alba-ca-zapada-jilava,3
animatori-petreceri-copii-alba-ca-zapada-moara-vlasiei,Animator Albă ca Zăpada Petreceri Copii pe tema Albă ca Zăpada – Vlasiei | Superparty.ro,https://superparty.ro/petreceri/animatori-petreceri-copii-alba-ca-zapada-moara-vlasiei,3
animatori-petreceri-copii-alba-ca-zapada-pantelimon,Animator Albă ca Zăpada Petreceri Copii pe tema Albă ca Zăpada – Pantelimon | Superparty.ro,https://superparty.ro/petreceri/animatori-petreceri-copii-alba-ca-zapada-pantelimon,3
animatori-petreceri-copii-alba-ca-zapada-popesti-leordeni,Animator Albă ca Zăpada Petreceri Copii Popești-Leordeni | Superparty.ro,https://superparty.ro/petreceri/animatori-petreceri-copii-alba-ca-zapada-popesti-leordeni,3
animatori-petreceri-copii-alba-ca-zapada-sector-1,Animator Albă ca Zăpada Petreceri Copii pe tema Albă ca Zăpada – Sector 1 | Superparty.ro,https://superparty.ro/petreceri/animatori-petreceri-copii-alba-ca-zapada-sector-1,3
animatori-petreceri-copii-alba-ca-zapada-sector-4,Animator Albă ca Zăpada Petreceri Copii pe tema Albă ca Zăpada – Sector 4 | Superparty.ro,https://superparty.ro/petreceri/animatori-petreceri-copii-alba-ca-zapada-sector-4,3
animatori-petreceri-copii-alba-ca-zapada-tunari,Animator Albă ca Zăpada Petreceri Copii pe tema Albă ca Zăpada – Tunari | Superparty.ro,https://superparty.ro/petreceri/animatori-petreceri-copii-alba-ca-zapada-tunari,3
animatori-petreceri-copii-ariel-1-decembrie,Animator Albă ca Zăpada Petreceri Copii 1 Decembrie – Decembrie | Superparty.ro,https://superparty.ro/petreceri/animatori-petreceri-copii-ariel-1-decembrie,3
animatori-petreceri-copii-ariel-baneasa,Animator Ariel Mica Sirenă Petreceri Copii București – Baneasa | Superparty.ro,https://superparty.ro/petreceri/animatori-petreceri-copii-ariel-baneasa,3
animatori-petreceri-copii-ariel-berceni,Animator Ariel Mica Sirenă Petreceri Copii Berceni | Superparty.ro,https://superparty.ro/petreceri/animatori-petreceri-copii-ariel-berceni,3
animatori-petreceri-copii-ariel-bragadiru,Animator Ariel Mica Sirenă Petreceri Copii Bragadiru | Superparty.ro,https://superparty.ro/petreceri/animatori-petreceri-copii-ariel-bragadiru,3
animatori-petreceri-copii-ariel-branesti,Animator Ariel Mica Sirenă Petreceri Copii Brănești | Superparty.ro,https://superparty.ro/petreceri/animatori-petreceri-copii-ariel-branesti,3
animatori-petreceri-copii-ariel-buftea,Animator Ariel Mica Sirenă Petreceri Copii București – Buftea | Superparty.ro,https://superparty.ro/petreceri/animatori-petreceri-copii-ariel-buftea,3
animatori-petreceri-copii-ariel-chiajna,Animator Ariel Mica Sirenă Petreceri Copii Chiajna | Superparty.ro,https://superparty.ro/petreceri/animatori-petreceri-copii-ariel-chiajna,3
animatori-petreceri-copii-ariel-ciolpani,Animator Ariel Mica Sirenă Petreceri Copii București – Ciolpani | Superparty.ro,https://superparty.ro/petreceri/animatori-petreceri-copii-ariel-ciolpani,3
animatori-petreceri-copii-ariel-clinceni,Animator Ariel Mica Sirenă Petreceri Copii Clinceni | Superparty.ro,https://superparty.ro/petreceri/animatori-petreceri-copii-ariel-clinceni,3
animatori-petreceri-copii-ariel-copaceni,Animator Ariel Mica Sirenă Petreceri Copii București – Copaceni | Superparty.ro,https://superparty.ro/petreceri/animatori-petreceri-copii-ariel-copaceni,3
animatori-petreceri-copii-ariel-corbeanca,Animator Ariel Mica Sirenă Petreceri Copii Corbeanca | Superparty.ro,https://superparty.ro/petreceri/animatori-petreceri-copii-ariel-corbeanca,3
animatori-petreceri-copii-ariel-dragomiresti-vale,Animator Ariel Mica Sirenă Petreceri Copii Dragomirești | Superparty.ro,https://superparty.ro/petreceri/animatori-petreceri-copii-ariel-dragomiresti-vale,3
animatori-petreceri-copii-ariel-peris,Animator Ariel Mica Sirenă Petreceri Copii București – Peris | Superparty.ro,https://superparty.ro/petreceri/animatori-petreceri-copii-ariel-peris,3
animatori-petreceri-copii-ariel-sector-3,Animator Ariel Mica Sirenă Petreceri Copii Sector 3 București | Superparty.ro,https://superparty.ro/petreceri/animatori-petreceri-copii-ariel-sector-3,3
animatori-petreceri-copii-ariel-sector-5,Animator Ariel Mica Sirenă Petreceri Copii Sector 5 București | Superparty.ro,https://superparty.ro/petreceri/animatori-petreceri-copii-ariel-sector-5,3
animatori-petreceri-copii-ariel-snagov,Animator Ariel Mica Sirenă Petreceri Copii Snagov | Superparty.ro,https://superparty.ro/petreceri/animatori-petreceri-copii-ariel-snagov,3
animatori-petreceri-copii-ariel-voluntari,Animator Ariel Mica Sirenă Petreceri Copii Voluntari | Superparty.ro,https://superparty.ro/petreceri/animatori-petreceri-copii-ariel-voluntari,3
animatori-petreceri-copii-aviatiei-bucuresti,Animator Aviatiei Petreceri Copii București | Superparty.ro,https://superparty.ro/petreceri/animatori-petreceri-copii-aviatiei-bucuresti,3
animatori-petreceri-copii-balotesti-ilfov,Animator Balotesti Petreceri Copii Ilfov | Superparty.ro,https://superparty.ro/petreceri/animatori-petreceri-copii-balotesti-ilfov,3
animatori-petreceri-copii-baneasa-bucuresti,Animator Baneasa Petreceri Copii București | Superparty.ro,https://superparty.ro/petreceri/animatori-petreceri-copii-baneasa-bucuresti,3
animatori-petreceri-copii-batman-berceni,Animator Batman Petreceri Copii Berceni | Superparty.ro,https://superparty.ro/petreceri/animatori-petreceri-copii-batman-berceni,3
animatori-petreceri-copii-batman-branesti,Animator Batman Petreceri Copii Brănești | Superparty.ro,https://superparty.ro/petreceri/animatori-petreceri-copii-batman-branesti,3
animatori-petreceri-copii-batman-chiajna,Animator Batman Petreceri Copii Chiajna | Superparty.ro,https://superparty.ro/petreceri/animatori-petreceri-copii-batman-chiajna,3
animatori-petreceri-copii-batman-chitila,Animator Batman Petreceri Copii Chitila | Superparty.ro,https://superparty.ro/petreceri/animatori-petreceri-copii-batman-chitila,3
animatori-petreceri-copii-batman-copaceni,Animator Batman Petreceri Copii București – Copaceni | Superparty.ro,https://superparty.ro/petreceri/animatori-petreceri-copii-batman-copaceni,3
animatori-petreceri-copii-batman-corbeanca,Animator Batman Petreceri Copii Corbeanca | Superparty.ro,https://superparty.ro/petreceri/animatori-petreceri-copii-batman-corbeanca,3
animatori-petreceri-copii-batman-dragomiresti-vale,Animator Batman Petreceri Copii Dragomirești | Superparty.ro,https://superparty.ro/petreceri/animatori-petreceri-copii-batman-dragomiresti-vale,3
animatori-petreceri-copii-batman-moara-vlasiei,Animator Batman Petreceri Copii Moara Vlăsiei | Superparty.ro,https://superparty.ro/petreceri/animatori-petreceri-copii-batman-moara-vlasiei,3
animatori-petreceri-copii-batman-nuci,Animator Batman Petreceri Copii București – Nuci | Superparty.ro,https://superparty.ro/petreceri/animatori-petreceri-copii-batman-nuci,3
animatori-petreceri-copii-batman-peris,Animator Batman Petreceri Copii București – Peris | Superparty.ro,https://superparty.ro/petreceri/animatori-petreceri-copii-batman-peris,3
animatori-petreceri-copii-batman-petrachioaia,Animator Batman Petreceri Copii București – Petrachioaia | Superparty.ro,https://superparty.ro/petreceri/animatori-petreceri-copii-batman-petrachioaia,3
animatori-petreceri-copii-batman-popesti-leordeni,Animator Batman Petreceri Copii Popești-Leordeni | Superparty.ro,https://superparty.ro/petreceri/animatori-petreceri-copii-batman-popesti-leordeni,3
animatori-petreceri-copii-batman-sector-1,Animator Batman Petreceri Copii Sector 1 București | Superparty.ro,https://superparty.ro/petreceri/animatori-petreceri-copii-batman-sector-1,3
animatori-petreceri-copii-batman-sector-4,Animator Batman Petreceri Copii Sector 4 București | Superparty.ro,https://superparty.ro/petreceri/animatori-petreceri-copii-batman-sector-4,3
animatori-petreceri-copii-batman-sector-5,Animator Batman Petreceri Copii Sector 5 București | Superparty.ro,https://superparty.ro/petreceri/animatori-petreceri-copii-batman-sector-5,3
animatori-petreceri-copii-batman-sector-6,Animator Batman Petreceri Copii Sector 6 București | Superparty.ro,https://superparty.ro/petreceri/animatori-petreceri-copii-batman-sector-6,3
animatori-petreceri-copii-berceni-bucuresti,Animator Berceni Petreceri Copii București – Berceni | Superparty.ro,https://superparty.ro/petreceri/animatori-petreceri-copii-berceni-bucuresti,3
animatori-petreceri-copii-berceni-sector-4-bucuresti,Animator Berceni Petreceri Copii București – Sector 4 | Superparty.ro,https://superparty.ro/petreceri/animatori-petreceri-copii-berceni-sector-4-bucuresti,3
animatori-petreceri-copii-bucuresti-cea-mai-buna-alegere-2025,Animator Cea Mai Buna Alegere 2025 Petreceri Copii București | Superparty.ro,https://superparty.ro/petreceri/animatori-petreceri-copii-bucuresti-cea-mai-buna-alegere-2025,3
animatori-petreceri-copii-bumblebee-baneasa,Animator Bumblebee Transformers Petreceri Copii București – Baneasa | Superparty.ro,https://superparty.ro/petreceri/animatori-petreceri-copii-bumblebee-baneasa,3
animatori-petreceri-copii-bumblebee-cornetu,Animator Bumblebee Transformers Petreceri Copii Cornetu | Superparty.ro,https://superparty.ro/petreceri/animatori-petreceri-copii-bumblebee-cornetu,3
animatori-petreceri-copii-bumblebee-dobroesti,Animator Bumblebee Transformers Petreceri Copii București – Dobroesti | Superparty.ro,https://superparty.ro/petreceri/animatori-petreceri-copii-bumblebee-dobroesti,3
animatori-petreceri-copii-bumblebee-domnesti,Animator Bumblebee Transformers Petreceri Copii Domnești | Superparty.ro,https://superparty.ro/petreceri/animatori-petreceri-copii-bumblebee-domnesti,3
animatori-petreceri-copii-bumblebee-glina,Animator Bumblebee Transformers Petreceri Copii Glina | Superparty.ro,https://superparty.ro/petreceri/animatori-petreceri-copii-bumblebee-glina,3
animatori-petreceri-copii-bumblebee-gradistea,Animator Bumblebee Transformers Petreceri Copii București – Gradistea | Superparty.ro,https://superparty.ro/petreceri/animatori-petreceri-copii-bumblebee-gradistea,3
animatori-petreceri-copii-bumblebee-jilava,Animator Bumblebee Transformers Petreceri Copii Jilava | Superparty.ro,https://superparty.ro/petreceri/animatori-petreceri-copii-bumblebee-jilava,3
animatori-petreceri-copii-bumblebee-moara-vlasiei,Animator Bumblebee Transformers Petreceri Copii Moara Vlăsiei | Superparty.ro,https://superparty.ro/petreceri/animatori-petreceri-copii-bumblebee-moara-vlasiei,3
animatori-petreceri-copii-bumblebee-pantelimon,Animator Bumblebee Transformers Petreceri Copii Pantelimon | Superparty.ro,https://superparty.ro/petreceri/animatori-petreceri-copii-bumblebee-pantelimon,3
animatori-petreceri-copii-bumblebee-sector-3,Animator Bumblebee Transformers Petreceri Copii Sector 3 București | Superparty.ro,https://superparty.ro/petreceri/animatori-petreceri-copii-bumblebee-sector-3,3
animatori-petreceri-copii-bumblebee-sector-6,Animator Bumblebee Transformers Petreceri Copii Sector 6 București | Superparty.ro,https://superparty.ro/petreceri/animatori-petreceri-copii-bumblebee-sector-6,3
animatori-petreceri-copii-bumblebee-snagov,Animator Bumblebee Transformers Petreceri Copii Snagov | Superparty.ro,https://superparty.ro/petreceri/animatori-petreceri-copii-bumblebee-snagov,3
animatori-petreceri-copii-captain-america-berceni,Animator Captain America Petreceri Copii Berceni | Superparty.ro,https://superparty.ro/petreceri/animatori-petreceri-copii-captain-america-berceni,3
animatori-petreceri-copii-captain-america-buftea,Animator Captain America Buftea Petreceri Copii București | Superparty.ro,https://superparty.ro/petreceri/animatori-petreceri-copii-captain-america-buftea,3
animatori-petreceri-copii-captain-america-chiajna,Animator Captain America Petreceri Copii Chiajna | Superparty.ro,https://superparty.ro/petreceri/animatori-petreceri-copii-captain-america-chiajna,3
animatori-petreceri-copii-captain-america-ciorogarla,Animator Captain America Petreceri Copii Ciorogârla | Superparty.ro,https://superparty.ro/petreceri/animatori-petreceri-copii-captain-america-ciorogarla,3
animatori-petreceri-copii-captain-america-clinceni,Animator Captain America Petreceri Copii Clinceni | Superparty.ro,https://superparty.ro/petreceri/animatori-petreceri-copii-captain-america-clinceni,3
animatori-petreceri-copii-captain-america-cornetu,Animator Captain America Petreceri Copii Cornetu | Superparty.ro,https://superparty.ro/petreceri/animatori-petreceri-copii-captain-america-cornetu,3
animatori-petreceri-copii-captain-america-dascalu,Animator Captain America Dascalu Petreceri Copii București | Superparty.ro,https://superparty.ro/petreceri/animatori-petreceri-copii-captain-america-dascalu,3
animatori-petreceri-copii-captain-america-ganeasa,Animator Captain America Ganeasa Petreceri Copii București | Superparty.ro,https://superparty.ro/petreceri/animatori-petreceri-copii-captain-america-ganeasa,3
animatori-petreceri-copii-captain-america-glina,Animator Captain America Petreceri Copii Glina | Superparty.ro,https://superparty.ro/petreceri/animatori-petreceri-copii-captain-america-glina,3
animatori-petreceri-copii-captain-america-gradistea,Animator Captain America Gradistea Petreceri Copii București | Superparty.ro,https://superparty.ro/petreceri/animatori-petreceri-copii-captain-america-gradistea,3
animatori-petreceri-copii-captain-america-gruiu,Animator Captain America Gruiu Petreceri Copii București | Superparty.ro,https://superparty.ro/petreceri/animatori-petreceri-copii-captain-america-gruiu,3
animatori-petreceri-copii-captain-america-moara-vlasiei,Animator Captain America Petreceri Copii Moara Vlăsiei | Superparty.ro,https://superparty.ro/petreceri/animatori-petreceri-copii-captain-america-moara-vlasiei,3
animatori-petreceri-copii-captain-america-mogosoaia,Animator Captain America Petreceri Copii Mogoșoaia | Superparty.ro,https://superparty.ro/petreceri/animatori-petreceri-copii-captain-america-mogosoaia,3
animatori-petreceri-copii-captain-america-peris,Animator Captain America Peris Petreceri Copii București | Superparty.ro,https://superparty.ro/petreceri/animatori-petreceri-copii-captain-america-peris,3
animatori-petreceri-copii-captain-america-petrachioaia,Animator Captain America Petrachioaia Petreceri Copii București | Superparty.ro,https://superparty.ro/petreceri/animatori-petreceri-copii-captain-america-petrachioaia,3
animatori-petreceri-copii-captain-america-popesti-leordeni,Animator Captain America Petreceri Copii Popești-Leordeni | Superparty.ro,https://superparty.ro/petreceri/animatori-petreceri-copii-captain-america-popesti-leordeni,3
animatori-petreceri-copii-captain-america-sector-3,Animator Captain America Petreceri Copii Sector 3 București | Superparty.ro,https://superparty.ro/petreceri/animatori-petreceri-copii-captain-america-sector-3,3
animatori-petreceri-copii-captain-america-sector-6,Animator Captain America Petreceri Copii Sector 6 București | Superparty.ro,https://superparty.ro/petreceri/animatori-petreceri-copii-captain-america-sector-6,3
animatori-petreceri-copii-captain-america-stefanestii-de-jos,Animator Captain America Petreceri Copii Ștefăneștii de Jos | Superparty.ro,https://superparty.ro/petreceri/animatori-petreceri-copii-captain-america-stefanestii-de-jos,3
animatori-petreceri-copii-captain-america-vidra,Animator Captain America Petreceri Copii Vidra | Superparty.ro,https://superparty.ro/petreceri/animatori-petreceri-copii-captain-america-vidra,3
animatori-petreceri-copii-captain-america-voluntari,Animator Captain America Petreceri Copii Voluntari | Superparty.ro,https://superparty.ro/petreceri/animatori-petreceri-copii-captain-america-voluntari,3
animatori-petreceri-copii-cenusareasa-ciorogarla,Animator Cenușăreasa Disney Petreceri Copii Ciorogârla | Superparty.ro,https://superparty.ro/petreceri/animatori-petreceri-copii-cenusareasa-ciorogarla,3
animatori-petreceri-copii-cenusareasa-corbeanca,Animator Cenușăreasa Disney Petreceri Copii Corbeanca | Superparty.ro,https://superparty.ro/petreceri/animatori-petreceri-copii-cenusareasa-corbeanca,3
animatori-petreceri-copii-cenusareasa-cornetu,Animator Cenușăreasa Disney Petreceri Copii Cornetu | Superparty.ro,https://superparty.ro/petreceri/animatori-petreceri-copii-cenusareasa-cornetu,3
animatori-petreceri-copii-cenusareasa-domnesti,Animator Cenușăreasa Disney Petreceri Copii Domnești | Superparty.ro,https://superparty.ro/petreceri/animatori-petreceri-copii-cenusareasa-domnesti,3
animatori-petreceri-copii-cenusareasa-dragomiresti-vale,Animator Cenușăreasa Disney Petreceri Copii Dragomirești | Superparty.ro,https://superparty.ro/petreceri/animatori-petreceri-copii-cenusareasa-dragomiresti-vale,3
animatori-petreceri-copii-cenusareasa-jilava,Animator Cenușăreasa Disney Petreceri Copii Jilava | Superparty.ro,https://superparty.ro/petreceri/animatori-petreceri-copii-cenusareasa-jilava,3
animatori-petreceri-copii-cenusareasa-peris,Animator Cenușăreasa Disney Petreceri Copii București – Peris | Superparty.ro,https://superparty.ro/petreceri/animatori-petreceri-copii-cenusareasa-peris,3
animatori-petreceri-copii-cenusareasa-popesti-leordeni,Animator Cenușăreasa Disney Petreceri Copii Popești-Leordeni | Superparty.ro,https://superparty.ro/petreceri/animatori-petreceri-copii-cenusareasa-popesti-leordeni,3
animatori-petreceri-copii-cenusareasa-sector-1,Animator Cenușăreasa Disney Petreceri Copii Sector 1 București | Superparty.ro,https://superparty.ro/petreceri/animatori-petreceri-copii-cenusareasa-sector-1,3
animatori-petreceri-copii-cenusareasa-sector-3,Animator Cenușăreasa Disney Petreceri Copii Sector 3 București | Superparty.ro,https://superparty.ro/petreceri/animatori-petreceri-copii-cenusareasa-sector-3,3
animatori-petreceri-copii-cenusareasa-sector-6,Animator Cenușăreasa Disney Petreceri Copii Sector 6 București | Superparty.ro,https://superparty.ro/petreceri/animatori-petreceri-copii-cenusareasa-sector-6,3
animatori-petreceri-copii-cenusareasa-snagov,Animator Cenușăreasa Disney Petreceri Copii Snagov | Superparty.ro,https://superparty.ro/petreceri/animatori-petreceri-copii-cenusareasa-snagov,3
animatori-petreceri-copii-cenusareasa-stefanestii-de-jos,Animator Cenușăreasa Disney Petreceri Copii Ștefăneștii de Jos | Superparty.ro,https://superparty.ro/petreceri/animatori-petreceri-copii-cenusareasa-stefanestii-de-jos,3
animatori-petreceri-copii-cenusareasa-tunari,Animator Cenușăreasa Disney Petreceri Copii Tunari | Superparty.ro,https://superparty.ro/petreceri/animatori-petreceri-copii-cenusareasa-tunari,3
animatori-petreceri-copii-chase-paw-patrol-1-decembrie,Animator Albă ca Zăpada Petreceri Copii 1 Decembrie – Decembrie | Superparty.ro,https://superparty.ro/petreceri/animatori-petreceri-copii-chase-paw-patrol-1-decembrie,3
animatori-petreceri-copii-chase-paw-patrol-afumati,Animator Chase Paw Patrol Afumati Petreceri Copii București | Superparty.ro,https://superparty.ro/petreceri/animatori-petreceri-copii-chase-paw-patrol-afumati,3
animatori-petreceri-copii-chase-paw-patrol-branesti,Animator Chase Paw Patrol Petreceri Copii Brănești | Superparty.ro,https://superparty.ro/petreceri/animatori-petreceri-copii-chase-paw-patrol-branesti,3
animatori-petreceri-copii-chase-paw-patrol-copaceni,Animator Chase Paw Patrol Copaceni Petreceri Copii București | Superparty.ro,https://superparty.ro/petreceri/animatori-petreceri-copii-chase-paw-patrol-copaceni,3
animatori-petreceri-copii-chase-paw-patrol-corbeanca,Animator Chase Paw Patrol Petreceri Copii Corbeanca | Superparty.ro,https://superparty.ro/petreceri/animatori-petreceri-copii-chase-paw-patrol-corbeanca,3
animatori-petreceri-copii-chase-paw-patrol-dascalu,Animator Chase Paw Patrol Dascalu Petreceri Copii București | Superparty.ro,https://superparty.ro/petreceri/animatori-petreceri-copii-chase-paw-patrol-dascalu,3
animatori-petreceri-copii-chase-paw-patrol-dobroesti,Animator Chase Paw Patrol Dobroesti Petreceri Copii București | Superparty.ro,https://superparty.ro/petreceri/animatori-petreceri-copii-chase-paw-patrol-dobroesti,3
animatori-petreceri-copii-chase-paw-patrol-domnesti,Animator Chase Paw Patrol Petreceri Copii Domnești | Superparty.ro,https://superparty.ro/petreceri/animatori-petreceri-copii-chase-paw-patrol-domnesti,3
animatori-petreceri-copii-chase-paw-patrol-dragomiresti-vale,Animator Chase Paw Patrol Vale Petreceri Copii Dragomirești | Superparty.ro,https://superparty.ro/petreceri/animatori-petreceri-copii-chase-paw-patrol-dragomiresti-vale,3
animatori-petreceri-copii-chase-paw-patrol-ganeasa,Animator Chase Paw Patrol Ganeasa Petreceri Copii București | Superparty.ro,https://superparty.ro/petreceri/animatori-petreceri-copii-chase-paw-patrol-ganeasa,3
animatori-petreceri-copii-chase-paw-patrol-gruiu,Animator Chase Paw Patrol Gruiu Petreceri Copii București | Superparty.ro,https://superparty.ro/petreceri/animatori-petreceri-copii-chase-paw-patrol-gruiu,3
animatori-petreceri-copii-chase-paw-patrol-nuci,Animator Chase Paw Patrol Nuci Petreceri Copii București | Superparty.ro,https://superparty.ro/petreceri/animatori-petreceri-copii-chase-paw-patrol-nuci,3
animatori-petreceri-copii-chase-paw-patrol-otopeni,Animator Chase Paw Patrol Petreceri Copii Otopeni | Superparty.ro,https://superparty.ro/petreceri/animatori-petreceri-copii-chase-paw-patrol-otopeni,3
animatori-petreceri-copii-chase-paw-patrol-peris,Animator Chase Paw Patrol Peris Petreceri Copii București | Superparty.ro,https://superparty.ro/petreceri/animatori-petreceri-copii-chase-paw-patrol-peris,3
animatori-petreceri-copii-chase-paw-patrol-sector-5,Animator Chase Paw Patrol Petreceri Copii Sector 5 București | Superparty.ro,https://superparty.ro/petreceri/animatori-petreceri-copii-chase-paw-patrol-sector-5,3
animatori-petreceri-copii-chase-paw-patrol-snagov,Animator Chase Paw Patrol Petreceri Copii Snagov | Superparty.ro,https://superparty.ro/petreceri/animatori-petreceri-copii-chase-paw-patrol-snagov,3
animatori-petreceri-copii-chase-paw-patrol-stefanestii-de-jos,Animator Chase Paw Patrol Petreceri Copii Ștefăneștii de Jos | Superparty.ro,https://superparty.ro/petreceri/animatori-petreceri-copii-chase-paw-patrol-stefanestii-de-jos,3
animatori-petreceri-copii-ciorogarla-ilfov,Animator Ciorogarla Petreceri Copii Ciorogârla | Superparty.ro,https://superparty.ro/petreceri/animatori-petreceri-copii-ciorogarla-ilfov,3
animatori-petreceri-copii-cluj-napoca-animatopia,Animatorii Superparty în Cluj-Napoca | Animatopia – Rezervă Acum,https://superparty.ro/petreceri/animatori-petreceri-copii-cluj-napoca-animatopia,3
animatori-petreceri-copii-colentina-bucuresti,Animator Colentina Petreceri Copii București | Superparty.ro,https://superparty.ro/petreceri/animatori-petreceri-copii-colentina-bucuresti,3
animatori-petreceri-copii-colentina-sector-2,Animator Colentina Petreceri Copii Colentina | Superparty.ro,https://superparty.ro/petreceri/animatori-petreceri-copii-colentina-sector-2,3
animatori-petreceri-copii-corbeanca-ilfov,Animator Corbeanca Petreceri Copii Corbeanca | Superparty.ro,https://superparty.ro/petreceri/animatori-petreceri-copii-corbeanca-ilfov,3
animatori-petreceri-copii-cotroceni-bucuresti,Animator Cotroceni Petreceri Copii București | Superparty.ro,https://superparty.ro/petreceri/animatori-petreceri-copii-cotroceni-bucuresti,3
animatori-petreceri-copii-crangasi-bucuresti,Animator Crangasi Petreceri Copii București | Superparty.ro,https://superparty.ro/petreceri/animatori-petreceri-copii-crangasi-bucuresti,3
animatori-petreceri-copii-darasti-ilfov,Animator Darasti Petreceri Copii Ilfov | Superparty.ro,https://superparty.ro/petreceri/animatori-petreceri-copii-darasti-ilfov,3
animatori-petreceri-copii-domnesti-ilfov,Animator Domnesti Petreceri Copii Domnești | Superparty.ro,https://superparty.ro/petreceri/animatori-petreceri-copii-domnesti-ilfov,3
animatori-petreceri-copii-dorobanti-bucuresti,Animator Dorobanti Petreceri Copii București | Superparty.ro,https://superparty.ro/petreceri/animatori-petreceri-copii-dorobanti-bucuresti,3
animatori-petreceri-copii-drumul-taberei-bucuresti,Animator Drumul Taberei Petreceri Copii Drumul Taberei | Superparty.ro,https://superparty.ro/petreceri/animatori-petreceri-copii-drumul-taberei-bucuresti,3
animatori-petreceri-copii-elsa-afumati,Animator Elsa Frozen Petreceri Copii București – Afumati | Superparty.ro,https://superparty.ro/petreceri/animatori-petreceri-copii-elsa-afumati,3
animatori-petreceri-copii-elsa-baneasa,Animator Elsa Frozen Petreceri Copii București – Baneasa | Superparty.ro,https://superparty.ro/petreceri/animatori-petreceri-copii-elsa-baneasa,3
animatori-petreceri-copii-elsa-berceni,Animator Elsa Frozen Petreceri Copii Berceni | Superparty.ro,https://superparty.ro/petreceri/animatori-petreceri-copii-elsa-berceni,3
animatori-petreceri-copii-elsa-copaceni,Animator Elsa Frozen Petreceri Copii București – Copaceni | Superparty.ro,https://superparty.ro/petreceri/animatori-petreceri-copii-elsa-copaceni,3
animatori-petreceri-copii-elsa-cornetu,Animator Elsa Frozen Petreceri Copii Cornetu | Superparty.ro,https://superparty.ro/petreceri/animatori-petreceri-copii-elsa-cornetu,3
animatori-petreceri-copii-elsa-ganeasa,Animator Elsa Frozen Petreceri Copii București – Ganeasa | Superparty.ro,https://superparty.ro/petreceri/animatori-petreceri-copii-elsa-ganeasa,3
animatori-petreceri-copii-elsa-glina,Animator Elsa Frozen Petreceri Copii Glina | Superparty.ro,https://superparty.ro/petreceri/animatori-petreceri-copii-elsa-glina,3
animatori-petreceri-copii-elsa-gradistea,Animator Elsa Frozen Petreceri Copii București – Gradistea | Superparty.ro,https://superparty.ro/petreceri/animatori-petreceri-copii-elsa-gradistea,3
animatori-petreceri-copii-elsa-jilava,Animator Elsa Frozen Petreceri Copii Jilava | Superparty.ro,https://superparty.ro/petreceri/animatori-petreceri-copii-elsa-jilava,3
animatori-petreceri-copii-elsa-mogosoaia,Animator Elsa Frozen Petreceri Copii Mogoșoaia | Superparty.ro,https://superparty.ro/petreceri/animatori-petreceri-copii-elsa-mogosoaia,3
animatori-petreceri-copii-elsa-nuci,Animator Elsa Frozen Petreceri Copii București – Nuci | Superparty.ro,https://superparty.ro/petreceri/animatori-petreceri-copii-elsa-nuci,3
animatori-petreceri-copii-elsa-petrachioaia,Animator Elsa Frozen Petreceri Copii București – Petrachioaia | Superparty.ro,https://superparty.ro/petreceri/animatori-petreceri-copii-elsa-petrachioaia,3
animatori-petreceri-copii-elsa-popesti-leordeni,Animator Elsa Frozen Petreceri Copii Popești-Leordeni | Superparty.ro,https://superparty.ro/petreceri/animatori-petreceri-copii-elsa-popesti-leordeni,3
animatori-petreceri-copii-elsa-sector-3,Animator Elsa Frozen Petreceri Copii Sector 3 București | Superparty.ro,https://superparty.ro/petreceri/animatori-petreceri-copii-elsa-sector-3,3
animatori-petreceri-copii-elsa-stefanestii-de-jos,Animator Elsa Frozen Petreceri Copii Ștefăneștii de Jos | Superparty.ro,https://superparty.ro/petreceri/animatori-petreceri-copii-elsa-stefanestii-de-jos,3
animatori-petreceri-copii-elsa-tunari,Animator Elsa Frozen Petreceri Copii Tunari | Superparty.ro,https://superparty.ro/petreceri/animatori-petreceri-copii-elsa-tunari,3
animatori-petreceri-copii-elsa-vidra,Animator Elsa Frozen Petreceri Copii Vidra | Superparty.ro,https://superparty.ro/petreceri/animatori-petreceri-copii-elsa-vidra,3
animatori-petreceri-copii-ferentari-bucuresti,Animator Ferentari Petreceri Copii București | Superparty.ro,https://superparty.ro/petreceri/animatori-petreceri-copii-ferentari-bucuresti,3
animatori-petreceri-copii-floreasca-bucuresti,Animator Floreasca Petreceri Copii București | Superparty.ro,https://superparty.ro/petreceri/animatori-petreceri-copii-floreasca-bucuresti,3
animatori-petreceri-copii-ganeasa-ilfov,Animator Ganeasa Petreceri Copii Ilfov | Superparty.ro,https://superparty.ro/petreceri/animatori-petreceri-copii-ganeasa-ilfov,3
animatori-petreceri-copii-ghencea-sector-6-bucuresti,Animator Ghencea Petreceri Copii București | Superparty.ro,https://superparty.ro/petreceri/animatori-petreceri-copii-ghencea-sector-6-bucuresti,3
animatori-petreceri-copii-giulesti-bucuresti,Animator Giulesti Petreceri Copii București | Superparty.ro,https://superparty.ro/petreceri/animatori-petreceri-copii-giulesti-bucuresti,3
animatori-petreceri-copii-glina-ilfov,Animator Glina Petreceri Copii Ilfov | Superparty.ro,https://superparty.ro/petreceri/animatori-petreceri-copii-glina-ilfov,3
animatori-petreceri-copii-gruiu-ilfov,Animator Gruiu Petreceri Copii Ilfov | Superparty.ro,https://superparty.ro/petreceri/animatori-petreceri-copii-gruiu-ilfov,3
animatori-petreceri-copii-iasi-animatopia,Animatorii Superparty în București | Iasi Animatopia – Rezervă Acum,https://superparty.ro/petreceri/animatori-petreceri-copii-iasi-animatopia,3
animatori-petreceri-copii-iron-man-1-decembrie,Animator Albă ca Zăpada Petreceri Copii 1 Decembrie – Decembrie | Superparty.ro,https://superparty.ro/petreceri/animatori-petreceri-copii-iron-man-1-decembrie,3
animatori-petreceri-copii-iron-man-baneasa,Animator Iron Man Baneasa Petreceri Copii București | Superparty.ro,https://superparty.ro/petreceri/animatori-petreceri-copii-iron-man-baneasa,3
animatori-petreceri-copii-iron-man-cernica,Animator Iron Man Petreceri Copii Cernica | Superparty.ro,https://superparty.ro/petreceri/animatori-petreceri-copii-iron-man-cernica,3
animatori-petreceri-copii-iron-man-chiajna,Animator Iron Man Petreceri Copii Chiajna | Superparty.ro,https://superparty.ro/petreceri/animatori-petreceri-copii-iron-man-chiajna,3
animatori-petreceri-copii-iron-man-ciorogarla,Animator Iron Man Petreceri Copii Ciorogârla | Superparty.ro,https://superparty.ro/petreceri/animatori-petreceri-copii-iron-man-ciorogarla,3
animatori-petreceri-copii-iron-man-copaceni,Animator Iron Man Copaceni Petreceri Copii București | Superparty.ro,https://superparty.ro/petreceri/animatori-petreceri-copii-iron-man-copaceni,3
animatori-petreceri-copii-iron-man-dascalu,Animator Iron Man Dascalu Petreceri Copii București | Superparty.ro,https://superparty.ro/petreceri/animatori-petreceri-copii-iron-man-dascalu,3
animatori-petreceri-copii-iron-man-dragomiresti-vale,Animator Iron Man Vale Petreceri Copii Dragomirești | Superparty.ro,https://superparty.ro/petreceri/animatori-petreceri-copii-iron-man-dragomiresti-vale,3
animatori-petreceri-copii-iron-man-glina,Animator Iron Man Petreceri Copii Glina | Superparty.ro,https://superparty.ro/petreceri/animatori-petreceri-copii-iron-man-glina,3
animatori-petreceri-copii-iron-man-gruiu,Animator Iron Man Gruiu Petreceri Copii București | Superparty.ro,https://superparty.ro/petreceri/animatori-petreceri-copii-iron-man-gruiu,3
animatori-petreceri-copii-iron-man-jilava,Animator Iron Man Petreceri Copii Jilava | Superparty.ro,https://superparty.ro/petreceri/animatori-petreceri-copii-iron-man-jilava,3
animatori-petreceri-copii-iron-man-moara-vlasiei,Animator Iron Man Petreceri Copii Moara Vlăsiei | Superparty.ro,https://superparty.ro/petreceri/animatori-petreceri-copii-iron-man-moara-vlasiei,3
animatori-petreceri-copii-iron-man-nuci,Animator Iron Man Nuci Petreceri Copii București | Superparty.ro,https://superparty.ro/petreceri/animatori-petreceri-copii-iron-man-nuci,3
animatori-petreceri-copii-iron-man-peris,Animator Iron Man Peris Petreceri Copii București | Superparty.ro,https://superparty.ro/petreceri/animatori-petreceri-copii-iron-man-peris,3
animatori-petreceri-copii-iron-man-sector-2,Animator Iron Man Petreceri Copii Sector 2 București | Superparty.ro,https://superparty.ro/petreceri/animatori-petreceri-copii-iron-man-sector-2,3
animatori-petreceri-copii-iron-man-sector-4,Animator Iron Man Petreceri Copii Sector 4 București | Superparty.ro,https://superparty.ro/petreceri/animatori-petreceri-copii-iron-man-sector-4,3
animatori-petreceri-copii-iron-man-stefanestii-de-jos,Animator Iron Man Petreceri Copii Ștefăneștii de Jos | Superparty.ro,https://superparty.ro/petreceri/animatori-petreceri-copii-iron-man-stefanestii-de-jos,3
animatori-petreceri-copii-iron-man-tunari,Animator Iron Man Petreceri Copii Tunari | Superparty.ro,https://superparty.ro/petreceri/animatori-petreceri-copii-iron-man-tunari,3
animatori-petreceri-copii-iron-man-vidra,Animator Iron Man Petreceri Copii Vidra | Superparty.ro,https://superparty.ro/petreceri/animatori-petreceri-copii-iron-man-vidra,3
animatori-petreceri-copii-magurele-ilfov,Animator Magurele Petreceri Copii Măgurele | Superparty.ro,https://superparty.ro/petreceri/animatori-petreceri-copii-magurele-ilfov,3
animatori-petreceri-copii-marshall-paw-patrol-buftea,Animator Marshall Paw Patrol Buftea Petreceri Copii București | Superparty.ro,https://superparty.ro/petreceri/animatori-petreceri-copii-marshall-paw-patrol-buftea,3
animatori-petreceri-copii-marshall-paw-patrol-chiajna,Animator Marshall Paw Patrol Petreceri Copii Chiajna | Superparty.ro,https://superparty.ro/petreceri/animatori-petreceri-copii-marshall-paw-patrol-chiajna,3
animatori-petreceri-copii-marshall-paw-patrol-ciolpani,Animator Marshall Paw Patrol Ciolpani Petreceri Copii București | Superparty.ro,https://superparty.ro/petreceri/animatori-petreceri-copii-marshall-paw-patrol-ciolpani,3
animatori-petreceri-copii-marshall-paw-patrol-copaceni,Animator Marshall Paw Patrol Copaceni Petreceri Copii București | Superparty.ro,https://superparty.ro/petreceri/animatori-petreceri-copii-marshall-paw-patrol-copaceni,3
animatori-petreceri-copii-marshall-paw-patrol-cornetu,Animator Marshall Paw Patrol Petreceri Copii Cornetu | Superparty.ro,https://superparty.ro/petreceri/animatori-petreceri-copii-marshall-paw-patrol-cornetu,3
animatori-petreceri-copii-marshall-paw-patrol-dragomiresti-vale,Animator Marshall Paw Patrol Vale Petreceri Copii Dragomirești | Superparty.ro,https://superparty.ro/petreceri/animatori-petreceri-copii-marshall-paw-patrol-dragomiresti-vale,3
animatori-petreceri-copii-marshall-paw-patrol-ganeasa,Animator Marshall Paw Patrol Ganeasa Petreceri Copii București | Superparty.ro,https://superparty.ro/petreceri/animatori-petreceri-copii-marshall-paw-patrol-ganeasa,3
animatori-petreceri-copii-marshall-paw-patrol-gruiu,Animator Marshall Paw Patrol Gruiu Petreceri Copii București | Superparty.ro,https://superparty.ro/petreceri/animatori-petreceri-copii-marshall-paw-patrol-gruiu,3
animatori-petreceri-copii-marshall-paw-patrol-moara-vlasiei,Animator Marshall Paw Patrol Petreceri Copii Moara Vlăsiei | Superparty.ro,https://superparty.ro/petreceri/animatori-petreceri-copii-marshall-paw-patrol-moara-vlasiei,3
animatori-petreceri-copii-marshall-paw-patrol-otopeni,Animator Marshall Paw Patrol Petreceri Copii Otopeni | Superparty.ro,https://superparty.ro/petreceri/animatori-petreceri-copii-marshall-paw-patrol-otopeni,3
animatori-petreceri-copii-marshall-paw-patrol-pantelimon,Animator Marshall Paw Patrol Petreceri Copii Pantelimon | Superparty.ro,https://superparty.ro/petreceri/animatori-petreceri-copii-marshall-paw-patrol-pantelimon,3
animatori-petreceri-copii-marshall-paw-patrol-sector-1,Animator Marshall Paw Patrol Petreceri Copii Sector 1 București | Superparty.ro,https://superparty.ro/petreceri/animatori-petreceri-copii-marshall-paw-patrol-sector-1,3
animatori-petreceri-copii-marshall-paw-patrol-sector-2,Animator Marshall Paw Patrol Petreceri Copii Sector 2 București | Superparty.ro,https://superparty.ro/petreceri/animatori-petreceri-copii-marshall-paw-patrol-sector-2,3
animatori-petreceri-copii-marshall-paw-patrol-sector-6,Animator Marshall Paw Patrol Petreceri Copii Sector 6 București | Superparty.ro,https://superparty.ro/petreceri/animatori-petreceri-copii-marshall-paw-patrol-sector-6,3
animatori-petreceri-copii-masha-balotesti,Animator Masha și Ursul Petreceri Copii București – Balotesti | Superparty.ro,https://superparty.ro/petreceri/animatori-petreceri-copii-masha-balotesti,3
animatori-petreceri-copii-masha-baneasa,Animator Masha și Ursul Petreceri Copii București – Baneasa | Superparty.ro,https://superparty.ro/petreceri/animatori-petreceri-copii-masha-baneasa,3
animatori-petreceri-copii-masha-clinceni,Animator Masha și Ursul Petreceri Copii Clinceni | Superparty.ro,https://superparty.ro/petreceri/animatori-petreceri-copii-masha-clinceni,3
animatori-petreceri-copii-masha-dragomiresti-vale,Animator Masha și Ursul Petreceri Copii Dragomirești | Superparty.ro,https://superparty.ro/petreceri/animatori-petreceri-copii-masha-dragomiresti-vale,3
animatori-petreceri-copii-masha-ganeasa,Animator Masha și Ursul Petreceri Copii București – Ganeasa | Superparty.ro,https://superparty.ro/petreceri/animatori-petreceri-copii-masha-ganeasa,3
animatori-petreceri-copii-masha-magurele,Animator Masha și Ursul Petreceri Copii Măgurele | Superparty.ro,https://superparty.ro/petreceri/animatori-petreceri-copii-masha-magurele,3
animatori-petreceri-copii-masha-peris,Animator Masha și Ursul Petreceri Copii București – Peris | Superparty.ro,https://superparty.ro/petreceri/animatori-petreceri-copii-masha-peris,3
animatori-petreceri-copii-masha-vidra,Animator Masha și Ursul Petreceri Copii Vidra | Superparty.ro,https://superparty.ro/petreceri/animatori-petreceri-copii-masha-vidra,3
animatori-petreceri-copii-mickey-mouse-balotesti,Animator Mickey Mouse Petreceri Copii București – Balotesti | Superparty.ro,https://superparty.ro/petreceri/animatori-petreceri-copii-mickey-mouse-balotesti,3
animatori-petreceri-copii-mickey-mouse-bragadiru,Animator Mickey Mouse Petreceri Copii Bragadiru | Superparty.ro,https://superparty.ro/petreceri/animatori-petreceri-copii-mickey-mouse-bragadiru,3
animatori-petreceri-copii-mickey-mouse-cernica,Animator Mickey Mouse Petreceri Copii Cernica | Superparty.ro,https://superparty.ro/petreceri/animatori-petreceri-copii-mickey-mouse-cernica,3
animatori-petreceri-copii-mickey-mouse-ciolpani,Animator Mickey Mouse Petreceri Copii București – Ciolpani | Superparty.ro,https://superparty.ro/petreceri/animatori-petreceri-copii-mickey-mouse-ciolpani,3
animatori-petreceri-copii-mickey-mouse-corbeanca,Animator Mickey Mouse Petreceri Copii Corbeanca | Superparty.ro,https://superparty.ro/petreceri/animatori-petreceri-copii-mickey-mouse-corbeanca,3
animatori-petreceri-copii-mickey-mouse-cornetu,Animator Mickey Mouse Petreceri Copii Cornetu | Superparty.ro,https://superparty.ro/petreceri/animatori-petreceri-copii-mickey-mouse-cornetu,3
animatori-petreceri-copii-mickey-mouse-ganeasa,Animator Mickey Mouse Petreceri Copii București – Ganeasa | Superparty.ro,https://superparty.ro/petreceri/animatori-petreceri-copii-mickey-mouse-ganeasa,3
animatori-petreceri-copii-mickey-mouse-glina,Animator Mickey Mouse Petreceri Copii Glina | Superparty.ro,https://superparty.ro/petreceri/animatori-petreceri-copii-mickey-mouse-glina,3
animatori-petreceri-copii-mickey-mouse-gruiu,Animator Mickey Mouse Petreceri Copii București – Gruiu | Superparty.ro,https://superparty.ro/petreceri/animatori-petreceri-copii-mickey-mouse-gruiu,3
animatori-petreceri-copii-mickey-mouse-nuci,Animator Mickey Mouse Petreceri Copii București – Nuci | Superparty.ro,https://superparty.ro/petreceri/animatori-petreceri-copii-mickey-mouse-nuci,3
animatori-petreceri-copii-mickey-mouse-petrachioaia,Animator Mickey Mouse Petreceri Copii București – Petrachioaia | Superparty.ro,https://superparty.ro/petreceri/animatori-petreceri-copii-mickey-mouse-petrachioaia,3
animatori-petreceri-copii-mickey-mouse-popesti-leordeni,Animator Mickey Mouse Petreceri Copii Popești-Leordeni | Superparty.ro,https://superparty.ro/petreceri/animatori-petreceri-copii-mickey-mouse-popesti-leordeni,3
animatori-petreceri-copii-mickey-mouse-sector-3,Animator Mickey Mouse Petreceri Copii Sector 3 București | Superparty.ro,https://superparty.ro/petreceri/animatori-petreceri-copii-mickey-mouse-sector-3,3
animatori-petreceri-copii-mickey-mouse-tunari,Animator Mickey Mouse Petreceri Copii Tunari | Superparty.ro,https://superparty.ro/petreceri/animatori-petreceri-copii-mickey-mouse-tunari,3
animatori-petreceri-copii-mickey-mouse-vidra,Animator Mickey Mouse Petreceri Copii Vidra | Superparty.ro,https://superparty.ro/petreceri/animatori-petreceri-copii-mickey-mouse-vidra,3
animatori-petreceri-copii-mickey-mouse-voluntari,Animator Mickey Mouse Petreceri Copii Voluntari | Superparty.ro,https://superparty.ro/petreceri/animatori-petreceri-copii-mickey-mouse-voluntari,3
animatori-petreceri-copii-militari-bucuresti,Animator Militari Petreceri Copii București – Militari | Superparty.ro,https://superparty.ro/petreceri/animatori-petreceri-copii-militari-bucuresti,3
animatori-petreceri-copii-militari-sector-6-bucuresti,Animator Militari Petreceri Copii București – Sector 6 | Superparty.ro,https://superparty.ro/petreceri/animatori-petreceri-copii-militari-sector-6-bucuresti,3
animatori-petreceri-copii-minnie-mouse-balotesti,Animator Minnie Mouse Petreceri Copii București – Balotesti | Superparty.ro,https://superparty.ro/petreceri/animatori-petreceri-copii-minnie-mouse-balotesti,3
animatori-petreceri-copii-minnie-mouse-branesti,Animator Minnie Mouse Petreceri Copii Brănești | Superparty.ro,https://superparty.ro/petreceri/animatori-petreceri-copii-minnie-mouse-branesti,3
animatori-petreceri-copii-minnie-mouse-chitila,Animator Minnie Mouse Petreceri Copii Chitila | Superparty.ro,https://superparty.ro/petreceri/animatori-petreceri-copii-minnie-mouse-chitila,3
animatori-petreceri-copii-minnie-mouse-clinceni,Animator Minnie Mouse Petreceri Copii Clinceni | Superparty.ro,https://superparty.ro/petreceri/animatori-petreceri-copii-minnie-mouse-clinceni,3
animatori-petreceri-copii-minnie-mouse-cornetu,Animator Minnie Mouse Petreceri Copii Cornetu | Superparty.ro,https://superparty.ro/petreceri/animatori-petreceri-copii-minnie-mouse-cornetu,3
animatori-petreceri-copii-minnie-mouse-gradistea,Animator Minnie Mouse Petreceri Copii București – Gradistea | Superparty.ro,https://superparty.ro/petreceri/animatori-petreceri-copii-minnie-mouse-gradistea,3
animatori-petreceri-copii-minnie-mouse-jilava,Animator Minnie Mouse Petreceri Copii Jilava | Superparty.ro,https://superparty.ro/petreceri/animatori-petreceri-copii-minnie-mouse-jilava,3
animatori-petreceri-copii-minnie-mouse-magurele,Animator Minnie Mouse Petreceri Copii Măgurele | Superparty.ro,https://superparty.ro/petreceri/animatori-petreceri-copii-minnie-mouse-magurele,3
animatori-petreceri-copii-minnie-mouse-nuci,Animator Minnie Mouse Petreceri Copii București – Nuci | Superparty.ro,https://superparty.ro/petreceri/animatori-petreceri-copii-minnie-mouse-nuci,3
animatori-petreceri-copii-minnie-mouse-petrachioaia,Animator Minnie Mouse Petreceri Copii București – Petrachioaia | Superparty.ro,https://superparty.ro/petreceri/animatori-petreceri-copii-minnie-mouse-petrachioaia,3
animatori-petreceri-copii-minnie-mouse-popesti-leordeni,Animator Minnie Mouse Petreceri Copii Popești-Leordeni | Superparty.ro,https://superparty.ro/petreceri/animatori-petreceri-copii-minnie-mouse-popesti-leordeni,3
animatori-petreceri-copii-minnie-mouse-sector-5,Animator Minnie Mouse Petreceri Copii Sector 5 București | Superparty.ro,https://superparty.ro/petreceri/animatori-petreceri-copii-minnie-mouse-sector-5,3
animatori-petreceri-copii-minnie-mouse-snagov,Animator Minnie Mouse Petreceri Copii Snagov | Superparty.ro,https://superparty.ro/petreceri/animatori-petreceri-copii-minnie-mouse-snagov,3
animatori-petreceri-copii-minnie-mouse-voluntari,Animator Minnie Mouse Petreceri Copii Voluntari | Superparty.ro,https://superparty.ro/petreceri/animatori-petreceri-copii-minnie-mouse-voluntari,3
animatori-petreceri-copii-miraculous-ladybug-afumati,Animator Ladybug Miraculous Petreceri Copii București – Afumati | Superparty.ro,https://superparty.ro/petreceri/animatori-petreceri-copii-miraculous-ladybug-afumati,3
animatori-petreceri-copii-miraculous-ladybug-berceni,Animator Ladybug Miraculous Petreceri Copii Berceni | Superparty.ro,https://superparty.ro/petreceri/animatori-petreceri-copii-miraculous-ladybug-berceni,3
animatori-petreceri-copii-miraculous-ladybug-cernica,Animator Ladybug Miraculous Petreceri Copii Cernica | Superparty.ro,https://superparty.ro/petreceri/animatori-petreceri-copii-miraculous-ladybug-cernica,3
animatori-petreceri-copii-miraculous-ladybug-chiajna,Animator Ladybug Miraculous Petreceri Copii Chiajna | Superparty.ro,https://superparty.ro/petreceri/animatori-petreceri-copii-miraculous-ladybug-chiajna,3
animatori-petreceri-copii-miraculous-ladybug-ciolpani,Animator Ladybug Miraculous Petreceri Copii București – Ciolpani | Superparty.ro,https://superparty.ro/petreceri/animatori-petreceri-copii-miraculous-ladybug-ciolpani,3
animatori-petreceri-copii-miraculous-ladybug-clinceni,Animator Ladybug Miraculous Petreceri Copii Clinceni | Superparty.ro,https://superparty.ro/petreceri/animatori-petreceri-copii-miraculous-ladybug-clinceni,3
animatori-petreceri-copii-miraculous-ladybug-copaceni,Animator Ladybug Miraculous Petreceri Copii București – Copaceni | Superparty.ro,https://superparty.ro/petreceri/animatori-petreceri-copii-miraculous-ladybug-copaceni,3
animatori-petreceri-copii-miraculous-ladybug-domnesti,Animator Ladybug Miraculous Petreceri Copii Domnești | Superparty.ro,https://superparty.ro/petreceri/animatori-petreceri-copii-miraculous-ladybug-domnesti,3
animatori-petreceri-copii-miraculous-ladybug-glina,Animator Ladybug Miraculous Petreceri Copii Glina | Superparty.ro,https://superparty.ro/petreceri/animatori-petreceri-copii-miraculous-ladybug-glina,3
animatori-petreceri-copii-miraculous-ladybug-jilava,Animator Ladybug Miraculous Petreceri Copii Jilava | Superparty.ro,https://superparty.ro/petreceri/animatori-petreceri-copii-miraculous-ladybug-jilava,3
animatori-petreceri-copii-miraculous-ladybug-moara-vlasiei,Animator Ladybug Miraculous Petreceri Copii Moara Vlăsiei | Superparty.ro,https://superparty.ro/petreceri/animatori-petreceri-copii-miraculous-ladybug-moara-vlasiei,3
animatori-petreceri-copii-miraculous-ladybug-otopeni,Animator Ladybug Miraculous Petreceri Copii Otopeni | Superparty.ro,https://superparty.ro/petreceri/animatori-petreceri-copii-miraculous-ladybug-otopeni,3
animatori-petreceri-copii-miraculous-ladybug-pantelimon,Animator Ladybug Miraculous Petreceri Copii Pantelimon | Superparty.ro,https://superparty.ro/petreceri/animatori-petreceri-copii-miraculous-ladybug-pantelimon,3
animatori-petreceri-copii-miraculous-ladybug-snagov,Animator Ladybug Miraculous Petreceri Copii Snagov | Superparty.ro,https://superparty.ro/petreceri/animatori-petreceri-copii-miraculous-ladybug-snagov,3
animatori-petreceri-copii-miraculous-ladybug-stefanestii-de-jos,Animator Ladybug Miraculous Petreceri Copii Ștefăneștii de Jos | Superparty.ro,https://superparty.ro/petreceri/animatori-petreceri-copii-miraculous-ladybug-stefanestii-de-jos,3
animatori-petreceri-copii-miraculous-ladybug-tunari,Animator Ladybug Miraculous Petreceri Copii Tunari | Superparty.ro,https://superparty.ro/petreceri/animatori-petreceri-copii-miraculous-ladybug-tunari,3
animatori-petreceri-copii-miraculous-ladybug-voluntari,Animator Ladybug Miraculous Petreceri Copii Voluntari | Superparty.ro,https://superparty.ro/petreceri/animatori-petreceri-copii-miraculous-ladybug-voluntari,3
animatori-petreceri-copii-moara-vlasiei-ilfov,Animator Moara Vlasiei Petreceri Copii Moara Vlăsiei | Superparty.ro,https://superparty.ro/petreceri/animatori-petreceri-copii-moara-vlasiei-ilfov,3
animatori-petreceri-copii-nuci-ilfov,Animator Nuci Petreceri Copii Ilfov | Superparty.ro,https://superparty.ro/petreceri/animatori-petreceri-copii-nuci-ilfov,3
animatori-petreceri-copii-obor-bucuresti,Animator Obor Petreceri Copii București | Superparty.ro,https://superparty.ro/petreceri/animatori-petreceri-copii-obor-bucuresti,3
animatori-petreceri-copii-pantelimon-cartier-bucuresti,Animator Cartier Petreceri Copii Pantelimon | Superparty.ro,https://superparty.ro/petreceri/animatori-petreceri-copii-pantelimon-cartier-bucuresti,3
animatori-petreceri-copii-petrachioaia-ilfov,Animator Petrachioaia Petreceri Copii Ilfov | Superparty.ro,https://superparty.ro/petreceri/animatori-petreceri-copii-petrachioaia-ilfov,3
animatori-petreceri-copii-pipera-bucuresti,Animator Pipera Petreceri Copii București | Superparty.ro,https://superparty.ro/petreceri/animatori-petreceri-copii-pipera-bucuresti,3
animatori-petreceri-copii-pirati-cernica,Animator Pirat Aventurier Petreceri Copii Cernica | Superparty.ro,https://superparty.ro/petreceri/animatori-petreceri-copii-pirati-cernica,3
animatori-petreceri-copii-pirati-chiajna,Animator Pirat Aventurier Petreceri Copii Chiajna | Superparty.ro,https://superparty.ro/petreceri/animatori-petreceri-copii-pirati-chiajna,3
animatori-petreceri-copii-pirati-ciorogarla,Animator Pirat Aventurier Petreceri Copii Ciorogârla | Superparty.ro,https://superparty.ro/petreceri/animatori-petreceri-copii-pirati-ciorogarla,3
animatori-petreceri-copii-pirati-copaceni,Animator Pirat Aventurier Petreceri Copii București – Copaceni | Superparty.ro,https://superparty.ro/petreceri/animatori-petreceri-copii-pirati-copaceni,3
animatori-petreceri-copii-pirati-dobroesti,Animator Pirat Aventurier Petreceri Copii București – Dobroesti | Superparty.ro,https://superparty.ro/petreceri/animatori-petreceri-copii-pirati-dobroesti,3
animatori-petreceri-copii-pirati-glina,Animator Pirat Aventurier Petreceri Copii Glina | Superparty.ro,https://superparty.ro/petreceri/animatori-petreceri-copii-pirati-glina,3
animatori-petreceri-copii-pirati-gradistea,Animator Pirat Aventurier Petreceri Copii București – Gradistea | Superparty.ro,https://superparty.ro/petreceri/animatori-petreceri-copii-pirati-gradistea,3
animatori-petreceri-copii-pirati-jilava,Animator Pirat Aventurier Petreceri Copii Jilava | Superparty.ro,https://superparty.ro/petreceri/animatori-petreceri-copii-pirati-jilava,3
animatori-petreceri-copii-pirati-mogosoaia,Animator Pirat Aventurier Petreceri Copii Mogoșoaia | Superparty.ro,https://superparty.ro/petreceri/animatori-petreceri-copii-pirati-mogosoaia,3
animatori-petreceri-copii-pirati-nuci,Animator Pirat Aventurier Petreceri Copii București – Nuci | Superparty.ro,https://superparty.ro/petreceri/animatori-petreceri-copii-pirati-nuci,3
animatori-petreceri-copii-pirati-peris,Animator Pirat Aventurier Petreceri Copii București – Peris | Superparty.ro,https://superparty.ro/petreceri/animatori-petreceri-copii-pirati-peris,3
animatori-petreceri-copii-pirati-petrachioaia,Animator Pirat Aventurier Petreceri Copii București – Petrachioaia | Superparty.ro,https://superparty.ro/petreceri/animatori-petreceri-copii-pirati-petrachioaia,3
animatori-petreceri-copii-pirati-sector-2,Animator Pirat Aventurier Petreceri Copii Sector 2 București | Superparty.ro,https://superparty.ro/petreceri/animatori-petreceri-copii-pirati-sector-2,3
animatori-petreceri-copii-pirati-snagov,Animator Pirat Aventurier Petreceri Copii Snagov | Superparty.ro,https://superparty.ro/petreceri/animatori-petreceri-copii-pirati-snagov,3
animatori-petreceri-copii-pirati-voluntari,Animator Pirat Aventurier Petreceri Copii Voluntari | Superparty.ro,https://superparty.ro/petreceri/animatori-petreceri-copii-pirati-voluntari,3
animatori-petreceri-copii-rahova-bucuresti,Animator Rahova Petreceri Copii București | Superparty.ro,https://superparty.ro/petreceri/animatori-petreceri-copii-rahova-bucuresti,3
animatori-petreceri-copii-rahova-ferentari-bucuresti,Animator Rahova Ferentari Petreceri Copii București | Superparty.ro,https://superparty.ro/petreceri/animatori-petreceri-copii-rahova-ferentari-bucuresti,3
animatori-petreceri-copii-rapunzel-chiajna,Animator Rapunzel Petreceri Copii Chiajna | Superparty.ro,https://superparty.ro/petreceri/animatori-petreceri-copii-rapunzel-chiajna,3
animatori-petreceri-copii-rapunzel-dascalu,Animator Rapunzel Petreceri Copii București – Dascalu | Superparty.ro,https://superparty.ro/petreceri/animatori-petreceri-copii-rapunzel-dascalu,3
animatori-petreceri-copii-rapunzel-dobroesti,Animator Rapunzel Petreceri Copii București – Dobroesti | Superparty.ro,https://superparty.ro/petreceri/animatori-petreceri-copii-rapunzel-dobroesti,3
animatori-petreceri-copii-rapunzel-otopeni,Animator Rapunzel Petreceri Copii Otopeni | Superparty.ro,https://superparty.ro/petreceri/animatori-petreceri-copii-rapunzel-otopeni,3
animatori-petreceri-copii-rapunzel-pantelimon,Animator Rapunzel Petreceri Copii Pantelimon | Superparty.ro,https://superparty.ro/petreceri/animatori-petreceri-copii-rapunzel-pantelimon,3
animatori-petreceri-copii-rapunzel-popesti-leordeni,Animator Rapunzel Petreceri Copii Popești-Leordeni | Superparty.ro,https://superparty.ro/petreceri/animatori-petreceri-copii-rapunzel-popesti-leordeni,3
animatori-petreceri-copii-rapunzel-sector-3,Animator Rapunzel Petreceri Copii Sector 3 București | Superparty.ro,https://superparty.ro/petreceri/animatori-petreceri-copii-rapunzel-sector-3,3
animatori-petreceri-copii-rapunzel-sector-5,Animator Rapunzel Petreceri Copii Sector 5 București | Superparty.ro,https://superparty.ro/petreceri/animatori-petreceri-copii-rapunzel-sector-5,3
animatori-petreceri-copii-rapunzel-sector-6,Animator Rapunzel Petreceri Copii Sector 6 București | Superparty.ro,https://superparty.ro/petreceri/animatori-petreceri-copii-rapunzel-sector-6,3
animatori-petreceri-copii-rapunzel-voluntari,Animator Rapunzel Petreceri Copii Voluntari | Superparty.ro,https://superparty.ro/petreceri/animatori-petreceri-copii-rapunzel-voluntari,3
animatori-petreceri-copii-sector-1-aviatiei-dorobanti,Animator Aviatiei Dorobanti Petreceri Copii Sector 1 București | Superparty.ro,https://superparty.ro/petreceri/animatori-petreceri-copii-sector-1-aviatiei-dorobanti,3
animatori-petreceri-copii-skye-paw-patrol-balotesti,Animator Skye Paw Patrol Balotesti Petreceri Copii București | Superparty.ro,https://superparty.ro/petreceri/animatori-petreceri-copii-skye-paw-patrol-balotesti,3
animatori-petreceri-copii-skye-paw-patrol-baneasa,Animator Skye Paw Patrol Baneasa Petreceri Copii București | Superparty.ro,https://superparty.ro/petreceri/animatori-petreceri-copii-skye-paw-patrol-baneasa,3
animatori-petreceri-copii-skye-paw-patrol-buftea,Animator Skye Paw Patrol Buftea Petreceri Copii București | Superparty.ro,https://superparty.ro/petreceri/animatori-petreceri-copii-skye-paw-patrol-buftea,3
animatori-petreceri-copii-skye-paw-patrol-ciorogarla,Animator Skye Paw Patrol Petreceri Copii Ciorogârla | Superparty.ro,https://superparty.ro/petreceri/animatori-petreceri-copii-skye-paw-patrol-ciorogarla,3
animatori-petreceri-copii-skye-paw-patrol-dobroesti,Animator Skye Paw Patrol Dobroesti Petreceri Copii București | Superparty.ro,https://superparty.ro/petreceri/animatori-petreceri-copii-skye-paw-patrol-dobroesti,3
animatori-petreceri-copii-skye-paw-patrol-glina,Animator Skye Paw Patrol Petreceri Copii Glina | Superparty.ro,https://superparty.ro/petreceri/animatori-petreceri-copii-skye-paw-patrol-glina,3
animatori-petreceri-copii-skye-paw-patrol-gruiu,Animator Skye Paw Patrol Gruiu Petreceri Copii București | Superparty.ro,https://superparty.ro/petreceri/animatori-petreceri-copii-skye-paw-patrol-gruiu,3
animatori-petreceri-copii-skye-paw-patrol-nuci,Animator Skye Paw Patrol Nuci Petreceri Copii București | Superparty.ro,https://superparty.ro/petreceri/animatori-petreceri-copii-skye-paw-patrol-nuci,3
animatori-petreceri-copii-skye-paw-patrol-popesti-leordeni,Animator Skye Paw Patrol Petreceri Copii Popești-Leordeni | Superparty.ro,https://superparty.ro/petreceri/animatori-petreceri-copii-skye-paw-patrol-popesti-leordeni,3
animatori-petreceri-copii-skye-paw-patrol-sector-5,Animator Skye Paw Patrol Petreceri Copii Sector 5 București | Superparty.ro,https://superparty.ro/petreceri/animatori-petreceri-copii-skye-paw-patrol-sector-5,3
animatori-petreceri-copii-skye-paw-patrol-tunari,Animator Skye Paw Patrol Petreceri Copii Tunari | Superparty.ro,https://superparty.ro/petreceri/animatori-petreceri-copii-skye-paw-patrol-tunari,3
animatori-petreceri-copii-snagov-ilfov,Animator Snagov Petreceri Copii Snagov | Superparty.ro,https://superparty.ro/petreceri/animatori-petreceri-copii-snagov-ilfov,3
animatori-petreceri-copii-sonic-afumati,Animator Sonic Afumati Petreceri Copii București | Superparty.ro,https://superparty.ro/petreceri/animatori-petreceri-copii-sonic-afumati,3
animatori-petreceri-copii-sonic-balotesti,Animator Sonic Balotesti Petreceri Copii București | Superparty.ro,https://superparty.ro/petreceri/animatori-petreceri-copii-sonic-balotesti,3
animatori-petreceri-copii-sonic-berceni,Animator Sonic Petreceri Copii Berceni | Superparty.ro,https://superparty.ro/petreceri/animatori-petreceri-copii-sonic-berceni,3
animatori-petreceri-copii-sonic-branesti,Animator Sonic Petreceri Copii Brănești | Superparty.ro,https://superparty.ro/petreceri/animatori-petreceri-copii-sonic-branesti,3
animatori-petreceri-copii-sonic-cornetu,Animator Sonic Petreceri Copii Cornetu | Superparty.ro,https://superparty.ro/petreceri/animatori-petreceri-copii-sonic-cornetu,3
animatori-petreceri-copii-sonic-domnesti,Animator Sonic Petreceri Copii Domnești | Superparty.ro,https://superparty.ro/petreceri/animatori-petreceri-copii-sonic-domnesti,3
animatori-petreceri-copii-sonic-dragomiresti-vale,Animator Sonic Vale Petreceri Copii Dragomirești | Superparty.ro,https://superparty.ro/petreceri/animatori-petreceri-copii-sonic-dragomiresti-vale,3
animatori-petreceri-copii-sonic-ganeasa,Animator Sonic Ganeasa Petreceri Copii București | Superparty.ro,https://superparty.ro/petreceri/animatori-petreceri-copii-sonic-ganeasa,3
animatori-petreceri-copii-sonic-moara-vlasiei,Animator Sonic Petreceri Copii Moara Vlăsiei | Superparty.ro,https://superparty.ro/petreceri/animatori-petreceri-copii-sonic-moara-vlasiei,3
animatori-petreceri-copii-sonic-nuci,Animator Sonic Nuci Petreceri Copii București | Superparty.ro,https://superparty.ro/petreceri/animatori-petreceri-copii-sonic-nuci,3
animatori-petreceri-copii-sonic-sector-2,Animator Sonic Petreceri Copii Sector 2 București | Superparty.ro,https://superparty.ro/petreceri/animatori-petreceri-copii-sonic-sector-2,3
animatori-petreceri-copii-sonic-sector-4,Animator Sonic Petreceri Copii Sector 4 București | Superparty.ro,https://superparty.ro/petreceri/animatori-petreceri-copii-sonic-sector-4,3
animatori-petreceri-copii-spider-man-1-decembrie,Animator Albă ca Zăpada Petreceri Copii 1 Decembrie – Decembrie | Superparty.ro,https://superparty.ro/petreceri/animatori-petreceri-copii-spider-man-1-decembrie,3
animatori-petreceri-copii-spider-man-baneasa,Animator Spiderman Petreceri Copii București – Baneasa | Superparty.ro,https://superparty.ro/petreceri/animatori-petreceri-copii-spider-man-baneasa,3
animatori-petreceri-copii-spider-man-branesti,Animator Spiderman Petreceri Copii Brănești | Superparty.ro,https://superparty.ro/petreceri/animatori-petreceri-copii-spider-man-branesti,3
animatori-petreceri-copii-spider-man-buftea,Animator Spiderman Petreceri Copii București – Buftea | Superparty.ro,https://superparty.ro/petreceri/animatori-petreceri-copii-spider-man-buftea,3
animatori-petreceri-copii-spider-man-chitila,Animator Spiderman Petreceri Copii Chitila | Superparty.ro,https://superparty.ro/petreceri/animatori-petreceri-copii-spider-man-chitila,3
animatori-petreceri-copii-spider-man-ciorogarla,Animator Spiderman Petreceri Copii Ciorogârla | Superparty.ro,https://superparty.ro/petreceri/animatori-petreceri-copii-spider-man-ciorogarla,3
animatori-petreceri-copii-spider-man-copaceni,Animator Spiderman Petreceri Copii București – Copaceni | Superparty.ro,https://superparty.ro/petreceri/animatori-petreceri-copii-spider-man-copaceni,3
animatori-petreceri-copii-spider-man-corbeanca,Animator Spiderman Petreceri Copii Corbeanca | Superparty.ro,https://superparty.ro/petreceri/animatori-petreceri-copii-spider-man-corbeanca,3
animatori-petreceri-copii-spider-man-magurele,Animator Spiderman Petreceri Copii Măgurele | Superparty.ro,https://superparty.ro/petreceri/animatori-petreceri-copii-spider-man-magurele,3
animatori-petreceri-copii-spider-man-mogosoaia,Animator Spiderman Petreceri Copii Mogoșoaia | Superparty.ro,https://superparty.ro/petreceri/animatori-petreceri-copii-spider-man-mogosoaia,3
animatori-petreceri-copii-spider-man-otopeni,Animator Spiderman Petreceri Copii Otopeni | Superparty.ro,https://superparty.ro/petreceri/animatori-petreceri-copii-spider-man-otopeni,3
animatori-petreceri-copii-spider-man-pantelimon,Animator Spiderman Petreceri Copii Pantelimon | Superparty.ro,https://superparty.ro/petreceri/animatori-petreceri-copii-spider-man-pantelimon,3
animatori-petreceri-copii-spider-man-petrachioaia,Animator Spiderman Petreceri Copii București – Petrachioaia | Superparty.ro,https://superparty.ro/petreceri/animatori-petreceri-copii-spider-man-petrachioaia,3
animatori-petreceri-copii-spider-man-sector-1,Animator Spiderman Petreceri Copii Sector 1 București | Superparty.ro,https://superparty.ro/petreceri/animatori-petreceri-copii-spider-man-sector-1,3
animatori-petreceri-copii-spider-man-sector-2,Animator Spiderman Petreceri Copii Sector 2 București | Superparty.ro,https://superparty.ro/petreceri/animatori-petreceri-copii-spider-man-sector-2,3
animatori-petreceri-copii-spider-man-sector-3,Animator Spiderman Petreceri Copii Sector 3 București | Superparty.ro,https://superparty.ro/petreceri/animatori-petreceri-copii-spider-man-sector-3,3
animatori-petreceri-copii-spider-man-sector-6,Animator Spiderman Petreceri Copii Sector 6 București | Superparty.ro,https://superparty.ro/petreceri/animatori-petreceri-copii-spider-man-sector-6,3
animatori-petreceri-copii-spider-man-tunari,Animator Spiderman Petreceri Copii Tunari | Superparty.ro,https://superparty.ro/petreceri/animatori-petreceri-copii-spider-man-tunari,3
animatori-petreceri-copii-tineretului-bucuresti,Animator Tineretului Petreceri Copii București | Superparty.ro,https://superparty.ro/petreceri/animatori-petreceri-copii-tineretului-bucuresti,3
animatori-petreceri-copii-titan-bucuresti,Animator Titan Petreceri Copii București | Superparty.ro,https://superparty.ro/petreceri/animatori-petreceri-copii-titan-bucuresti,3
animatori-petreceri-copii-tunari-ilfov,Animator Tunari Petreceri Copii Tunari | Superparty.ro,https://superparty.ro/petreceri/animatori-petreceri-copii-tunari-ilfov,3
animatori-petreceri-copii-ursul-baneasa,Animator Ursul Baneasa Petreceri Copii București | Superparty.ro,https://superparty.ro/petreceri/animatori-petreceri-copii-ursul-baneasa,3
animatori-petreceri-copii-ursul-buftea,Animator Ursul Buftea Petreceri Copii București | Superparty.ro,https://superparty.ro/petreceri/animatori-petreceri-copii-ursul-buftea,3
animatori-petreceri-copii-ursul-ciolpani,Animator Ursul Ciolpani Petreceri Copii București | Superparty.ro,https://superparty.ro/petreceri/animatori-petreceri-copii-ursul-ciolpani,3
animatori-petreceri-copii-ursul-ciorogarla,Animator Ursul Petreceri Copii Ciorogârla | Superparty.ro,https://superparty.ro/petreceri/animatori-petreceri-copii-ursul-ciorogarla,3
animatori-petreceri-copii-ursul-glina,Animator Ursul Petreceri Copii Glina | Superparty.ro,https://superparty.ro/petreceri/animatori-petreceri-copii-ursul-glina,3
animatori-petreceri-copii-ursul-jilava,Animator Ursul Petreceri Copii Jilava | Superparty.ro,https://superparty.ro/petreceri/animatori-petreceri-copii-ursul-jilava,3
animatori-petreceri-copii-ursul-magurele,Animator Ursul Petreceri Copii Măgurele | Superparty.ro,https://superparty.ro/petreceri/animatori-petreceri-copii-ursul-magurele,3
animatori-petreceri-copii-ursul-mogosoaia,Animator Ursul Petreceri Copii Mogoșoaia | Superparty.ro,https://superparty.ro/petreceri/animatori-petreceri-copii-ursul-mogosoaia,3
animatori-petreceri-copii-ursul-pantelimon,Animator Ursul Petreceri Copii Pantelimon | Superparty.ro,https://superparty.ro/petreceri/animatori-petreceri-copii-ursul-pantelimon,3
animatori-petreceri-copii-ursul-sector-1,Animator Ursul Petreceri Copii Sector 1 București | Superparty.ro,https://superparty.ro/petreceri/animatori-petreceri-copii-ursul-sector-1,1
animatori-petreceri-copii-ursul-sector-3,Animator Ursul Petreceri Copii Sector 3 București | Superparty.ro,https://superparty.ro/petreceri/animatori-petreceri-copii-ursul-sector-3,3
animatori-petreceri-copii-ursul-sector-4,Animator Ursul Petreceri Copii Sector 4 București | Superparty.ro,https://superparty.ro/petreceri/animatori-petreceri-copii-ursul-sector-4,3
arcade-baloane-petreceri-bucuresti-modele-preturi,Animator Arcade Baloane Petreceri Modele Preturi Petreceri Copii București | Superparty.ro,https://superparty.ro/petreceri/arcade-baloane-petreceri-bucuresti-modele-preturi,3
arcade-baloane-petreceri-copii-bucuresti-preturi,Animator Arcade Baloane Petreceri Copii Preturi Petreceri Copii București | Superparty.ro,https://superparty.ro/petreceri/arcade-baloane-petreceri-copii-bucuresti-preturi,3
auto-assign-banners,Animator Auto Assign Banners Petreceri Copii București | Superparty.ro,https://superparty.ro/petreceri/auto-assign-banners,3
baloane-cu-heliu-petreceri-copii-bucuresti-2025,Animator Baloane Cu Heliu Petreceri Copii 2025 Petreceri Copii București | Superparty.ro,https://superparty.ro/petreceri/baloane-cu-heliu-petreceri-copii-bucuresti-2025,3
baloane-decor,Animator Baloane Decor Petreceri Copii București | Superparty.ro,https://superparty.ro/petreceri/baloane-decor,3
baloane-decoratiuni-botez-bucuresti-idei-2025,Animator Botez București | Personaj Baloane Decoratiuni Botez Idei 2025 | Superparty.ro,https://superparty.ro/petreceri/baloane-decoratiuni-botez-bucuresti-idei-2025,3
baloane-modelate-copii-petreceri-ce-se-poate-face,Animator Baloane Modelate Copii Petreceri Ce Se Poate Face Petreceri Copii București | Superparty.ro,https://superparty.ro/petreceri/baloane-modelate-copii-petreceri-ce-se-poate-face,3
cat-costa-animator-petreceri-copii-2025-preturi,Animator Cat Costa Petreceri Copii 2025 Preturi Petreceri Copii București | Superparty.ro,https://superparty.ro/petreceri/cat-costa-animator-petreceri-copii-2025-preturi,3
cat-costa-petrecere-ziua-copilului-bucuresti-2025,Animator Cat Costa Petrecere Ziua Copilului 2025 Petreceri Copii București | Superparty.ro,https://superparty.ro/petreceri/cat-costa-petrecere-ziua-copilului-bucuresti-2025,3
ce-include-pachet-animatori-petreceri-copii-complet,Animator Ce Include Pachet Complet Petreceri Copii București | Superparty.ro,https://superparty.ro/petreceri/ce-include-pachet-animatori-petreceri-copii-complet,3
cum-alegi-animator-bun-petrecere-copil-ghid-2025,Animator Cum Alegi Bun Petrecere Copil Ghid 2025 Petreceri Copii București | Superparty.ro,https://superparty.ro/petreceri/cum-alegi-animator-bun-petrecere-copil-ghid-2025,3
cum-alegi-sala-petrecere-copii-bucuresti-ghid-2025,Animator Cum Alegi Sala Petrecere Copii Ghid 2025 Petreceri Copii București | Superparty.ro,https://superparty.ro/petreceri/cum-alegi-sala-petrecere-copii-bucuresti-ghid-2025,3
cum-faci-surpriza-petrecere-copii-sfaturi,Animator Cum Faci Surpriza Petrecere Copii Sfaturi Petreceri Copii București | Superparty.ro,https://superparty.ro/petreceri/cum-faci-surpriza-petrecere-copii-sfaturi,3
cum-implici-copilul-planificarea-petrecerii,Animator Cum Implici Copilul Planificarea Petrecerii Petreceri Copii București | Superparty.ro,https://superparty.ro/petreceri/cum-implici-copilul-planificarea-petrecerii,3
cum-organizezi-petrecere-acasa-ghid-complet,Animator Cum Organizezi Petrecere Acasa Ghid Complet Petreceri Copii București | Superparty.ro,https://superparty.ro/petreceri/cum-organizezi-petrecere-acasa-ghid-complet,3
diplome-premii-petreceri-copii-idei,Animator Diplome Premii Petreceri Copii Idei Petreceri Copii București | Superparty.ro,https://superparty.ro/petreceri/diplome-premii-petreceri-copii-idei,3
faq-animatori-petreceri-copii-bucuresti-intrebari-frecvente,Animator Faq Intrebari Frecvente Petreceri Copii București | Superparty.ro,https://superparty.ro/petreceri/faq-animatori-petreceri-copii-bucuresti-intrebari-frecvente,3
fotografii-frumoase-petrecere-copil-sfaturi,Animator Fotografii Frumoase Petrecere Copil Sfaturi Petreceri Copii București | Superparty.ro,https://superparty.ro/petreceri/fotografii-frumoase-petrecere-copil-sfaturi,3
fotografii-petrecere-copii-cum-capturezi-cei-mai-buni,Animator Fotografii Petrecere Copii Cum Capturezi Cei Mai Buni Petreceri Copii București | Superparty.ro,https://superparty.ro/petreceri/fotografii-petrecere-copii-cum-capturezi-cei-mai-buni,3
goodie-bags-petreceri-copii-idei-originale,Animator Goodie Bags Petreceri Copii Idei Originale Petreceri Copii București | Superparty.ro,https://superparty.ro/petreceri/goodie-bags-petreceri-copii-idei-originale,3
greseli-frecvente-organizare-petreceri-copii,Animator Greseli Frecvente Organizare Petreceri Copii Petreceri Copii București | Superparty.ro,https://superparty.ro/petreceri/greseli-frecvente-organizare-petreceri-copii,3
idei-cadouri-goodie-bags-petrecere-copii-bucuresti,Animator Idei Cadouri Goodie Bags Petrecere Copii Petreceri Copii București | Superparty.ro,https://superparty.ro/petreceri/idei-cadouri-goodie-bags-petrecere-copii-bucuresti,3
idei-petrecere-copil-10-ani-bucuresti,Animator Idei Petrecere Copil 10 Ani Petreceri Copii București | Superparty.ro,https://superparty.ro/petreceri/idei-petrecere-copil-10-ani-bucuresti,3
idei-petrecere-copil-3-ani-bucuresti,Animator Idei Petrecere Copil 3 Ani Petreceri Copii București | Superparty.ro,https://superparty.ro/petreceri/idei-petrecere-copil-3-ani-bucuresti,3
idei-petrecere-copil-4-ani-bucuresti,Animator Idei Petrecere Copil 4 Ani Petreceri Copii București | Superparty.ro,https://superparty.ro/petreceri/idei-petrecere-copil-4-ani-bucuresti,3
idei-petrecere-copil-5-ani-bucuresti-2025,Animator Idei Petrecere Copil 5 Ani 2025 Petreceri Copii București | Superparty.ro,https://superparty.ro/petreceri/idei-petrecere-copil-5-ani-bucuresti-2025,3
idei-petrecere-copil-6-ani-bucuresti,Animator Idei Petrecere Copil 6 Ani Petreceri Copii București | Superparty.ro,https://superparty.ro/petreceri/idei-petrecere-copil-6-ani-bucuresti,3
idei-petrecere-copil-7-ani-bucuresti,Animator Idei Petrecere Copil 7 Ani Petreceri Copii București | Superparty.ro,https://superparty.ro/petreceri/idei-petrecere-copil-7-ani-bucuresti,3
idei-petrecere-copil-8-ani-bucuresti,Animator Idei Petrecere Copil 8 Ani Petreceri Copii București | Superparty.ro,https://superparty.ro/petreceri/idei-petrecere-copil-8-ani-bucuresti,3
idei-petrecere-copil-9-ani-bucuresti,Animator Idei Petrecere Copil 9 Ani Petreceri Copii București | Superparty.ro,https://superparty.ro/petreceri/idei-petrecere-copil-9-ani-bucuresti,3
intrebari-frecvente-animatori-petreceri-copii-faq,Animator Intrebari Frecvente Faq Petreceri Copii București | Superparty.ro,https://superparty.ro/petreceri/intrebari-frecvente-animatori-petreceri-copii-faq,3
jocuri-interactive-copii-petreceri-top-10,Animator Jocuri Interactive Copii Petreceri Top 10 Petreceri Copii București | Superparty.ro,https://superparty.ro/petreceri/jocuri-interactive-copii-petreceri-top-10,3
numar-ideal-invitati-petrecere-copil-sfaturi,Animator Numar Ideal Invitati Petrecere Copil Sfaturi Petreceri Copii București | Superparty.ro,https://superparty.ro/petreceri/numar-ideal-invitati-petrecere-copil-sfaturi,3
ocazii-speciale,Animator Ocazii Speciale Petreceri Copii București | Superparty.ro,https://superparty.ro/petreceri/ocazii-speciale,3
personaje-costume,Animator Personaje Costume Petreceri Copii București | Superparty.ro,https://superparty.ro/petreceri/personaje-costume,3
petrecere-1-iunie-animatori-bucuresti-idei,Animator Petrecere 1 Iunie Animatori Idei Petreceri Copii București | Superparty.ro,https://superparty.ro/petreceri/petrecere-1-iunie-animatori-bucuresti-idei,3
petrecere-botez-animatori-prima-aniversare-bucuresti,Animator Botez București | Personaj Petrecere Botez Animatori Prima Aniversare | Superparty.ro,https://superparty.ro/petreceri/petrecere-botez-animatori-prima-aniversare-bucuresti,3
petrecere-botez-cu-animatori-bucuresti-ghid,Animator Botez București | Personaj Petrecere Botez Cu Animatori Ghid | Superparty.ro,https://superparty.ro/petreceri/petrecere-botez-cu-animatori-bucuresti-ghid,3
petrecere-copii-zero-stres-parinti-sfaturi,Animator Petrecere Copii Zero Stres Parinti Sfaturi Petreceri Copii București | Superparty.ro,https://superparty.ro/petreceri/petrecere-copii-zero-stres-parinti-sfaturi,3
petrecere-craciun-copii-mos-craciun-bucuresti,Petrecere Crăciun Copii București | Petrecere Craciun Copii Mos Craciun | Superparty.ro,https://superparty.ro/petreceri/petrecere-craciun-copii-mos-craciun-bucuresti,3
petrecere-craciun-revelion-copii-bucuresti-animatopia,Petrecere Crăciun Copii București | Petrecere Craciun Revelion Copii Animatopia | Superparty.ro,https://superparty.ro/petreceri/petrecere-craciun-revelion-copii-bucuresti-animatopia,3
petrecere-decoratiuni-flori-natura-fete-bucuresti,Animator Petrecere Decoratiuni Flori Natura Fete Petreceri Copii București | Superparty.ro,https://superparty.ro/petreceri/petrecere-decoratiuni-flori-natura-fete-bucuresti,3
petrecere-halloween-copii-bucuresti-2025,Animator Petrecere Halloween Copii 2025 Petreceri Copii București | Superparty.ro,https://superparty.ro/petreceri/petrecere-halloween-copii-bucuresti-2025,3
petrecere-halloween-copii-bucuresti-animatori,Animator Petrecere Halloween Copii Animatori Petreceri Copii București | Superparty.ro,https://superparty.ro/petreceri/petrecere-halloween-copii-bucuresti-animatori,3
petrecere-in-aer-liber-copii-bucuresti-sfaturi,Animator Petrecere In Aer Liber Copii Sfaturi Petreceri Copii București | Superparty.ro,https://superparty.ro/petreceri/petrecere-in-aer-liber-copii-bucuresti-sfaturi,3
petrecere-majorat-animatori-show-bucuresti,Animator Petrecere Majorat Animatori Show Petreceri Copii București | Superparty.ro,https://superparty.ro/petreceri/petrecere-majorat-animatori-show-bucuresti,3
petrecere-paste-copii-animatori-bucuresti,Animator Petrecere Paste Copii Animatori Petreceri Copii București | Superparty.ro,https://superparty.ro/petreceri/petrecere-paste-copii-animatori-bucuresti,3
petrecere-sala-vs-acasa-bucuresti-comparatie,Animator Petrecere Sala Vs Acasa Comparatie Petreceri Copii București | Superparty.ro,https://superparty.ro/petreceri/petrecere-sala-vs-acasa-bucuresti-comparatie,3
petrecere-stiinta-experimente-copii-bucuresti,Animator Petrecere Stiinta Experimente Copii Petreceri Copii București | Superparty.ro,https://superparty.ro/petreceri/petrecere-stiinta-experimente-copii-bucuresti,3
petrecere-tema-fotografie-fashion-fetite-bucuresti,Animator Petrecere Tema Fotografie Fashion Fetite Petreceri Copii București | Superparty.ro,https://superparty.ro/petreceri/petrecere-tema-fotografie-fashion-fetite-bucuresti,3
petrecere-tematica-among-us-copii-bucuresti,Animator Petrecere Tematica Among Us Copii Petreceri Copii București | Superparty.ro,https://superparty.ro/petreceri/petrecere-tematica-among-us-copii-bucuresti,3
petrecere-tematica-angry-birds-baieti-bucuresti,Animator Petrecere Tematica Angry Birds Baieti Petreceri Copii București | Superparty.ro,https://superparty.ro/petreceri/petrecere-tematica-angry-birds-baieti-bucuresti,3
petrecere-tematica-animale-farm-copii-mici-bucuresti,Animator Petrecere Tematica Animale Farm Copii Mici Petreceri Copii București | Superparty.ro,https://superparty.ro/petreceri/petrecere-tematica-animale-farm-copii-mici-bucuresti,3
petrecere-tematica-avatar-airbender-copii-bucuresti,Animator Petrecere Tematica Avatar Airbender Copii Petreceri Copii București | Superparty.ro,https://superparty.ro/petreceri/petrecere-tematica-avatar-airbender-copii-bucuresti,3
petrecere-tematica-barbie-fetite-bucuresti-2025,Animator Petrecere Tematica Barbie Fetite 2025 Petreceri Copii București | Superparty.ro,https://superparty.ro/petreceri/petrecere-tematica-barbie-fetite-bucuresti-2025,3
petrecere-tematica-bluey-bingo-copii-bucuresti,Animator Petrecere Tematica Bluey Bingo Copii Petreceri Copii București | Superparty.ro,https://superparty.ro/petreceri/petrecere-tematica-bluey-bingo-copii-bucuresti,3
petrecere-tematica-bluey-familie-bucuresti,Animator Petrecere Tematica Bluey Familie Petreceri Copii București | Superparty.ro,https://superparty.ro/petreceri/petrecere-tematica-bluey-familie-bucuresti,3
petrecere-tematica-bluey-keepy-uppy-copii,Animator Petrecere Tematica Bluey Keepy Uppy Copii Petreceri Copii București | Superparty.ro,https://superparty.ro/petreceri/petrecere-tematica-bluey-keepy-uppy-copii,3
petrecere-tematica-candy-land-dulciuri-copii-bucuresti,Animator Petrecere Tematica Candy Land Dulciuri Copii Petreceri Copii București | Superparty.ro,https://superparty.ro/petreceri/petrecere-tematica-candy-land-dulciuri-copii-bucuresti,3
petrecere-tematica-cars-disney-pixar-bucuresti,Animator Petrecere Tematica Cars Disney Pixar Petreceri Copii București | Superparty.ro,https://superparty.ro/petreceri/petrecere-tematica-cars-disney-pixar-bucuresti,3
petrecere-tematica-chef-bucatar-copii-bucuresti,Animator Petrecere Tematica Chef Bucatar Copii Petreceri Copii București | Superparty.ro,https://superparty.ro/petreceri/petrecere-tematica-chef-bucatar-copii-bucuresti,3
petrecere-tematica-circ-magie-copii-bucuresti,Animator Petrecere Tematica Circ Magie Copii Petreceri Copii București | Superparty.ro,https://superparty.ro/petreceri/petrecere-tematica-circ-magie-copii-bucuresti,3
petrecere-tematica-curcubeu-rainbow-copii-bucuresti,Animator Petrecere Tematica Curcubeu Rainbow Copii Petreceri Copii București | Superparty.ro,https://superparty.ro/petreceri/petrecere-tematica-curcubeu-rainbow-copii-bucuresti,3
petrecere-tematica-dinosauri-jurassic-bucuresti,Animator Petrecere Tematica Dinosauri Jurassic Petreceri Copii București | Superparty.ro,https://superparty.ro/petreceri/petrecere-tematica-dinosauri-jurassic-bucuresti,3
petrecere-tematica-dinozauri-baieti-bucuresti,Animator Petrecere Tematica Dinozauri Baieti Petreceri Copii București | Superparty.ro,https://superparty.ro/petreceri/petrecere-tematica-dinozauri-baieti-bucuresti,3
petrecere-tematica-disney-printese-bucuresti,Animator Petrecere Tematica Disney Printese Petreceri Copii București | Superparty.ro,https://superparty.ro/petreceri/petrecere-tematica-disney-printese-bucuresti,3
petrecere-tematica-encanto-mirabel-bucuresti,Animator Petrecere Tematica Encanto Mirabel Petreceri Copii București | Superparty.ro,https://superparty.ro/petreceri/petrecere-tematica-encanto-mirabel-bucuresti,3
petrecere-tematica-flamingo-tropical-fetite-bucuresti,Animator Petrecere Tematica Flamingo Tropical Fetite Petreceri Copii București | Superparty.ro,https://superparty.ro/petreceri/petrecere-tematica-flamingo-tropical-fetite-bucuresti,3
petrecere-tematica-fotbal-baieti-bucuresti,Animator Petrecere Tematica Fotbal Baieti Petreceri Copii București | Superparty.ro,https://superparty.ro/petreceri/petrecere-tematica-fotbal-baieti-bucuresti,3
petrecere-tematica-frozen-elsa-ana-bucuresti,Animator Elsa & Anna Frozen Petreceri Copii București – Elsa | Superparty.ro,https://superparty.ro/petreceri/petrecere-tematica-frozen-elsa-ana-bucuresti,3
petrecere-tematica-harry-potter-copii-bucuresti,Animator Petrecere Tematica Harry Potter Copii Petreceri Copii București | Superparty.ro,https://superparty.ro/petreceri/petrecere-tematica-harry-potter-copii-bucuresti,3
petrecere-tematica-incredibles-copii-bucuresti,Animator Petrecere Tematica Incredibles Copii Petreceri Copii București | Superparty.ro,https://superparty.ro/petreceri/petrecere-tematica-incredibles-copii-bucuresti,3
petrecere-tematica-jungle-safari-copii-bucuresti,Animator Petrecere Tematica Jungle Safari Copii Petreceri Copii București | Superparty.ro,https://superparty.ro/petreceri/petrecere-tematica-jungle-safari-copii-bucuresti,3
petrecere-tematica-lego-baieti-bucuresti,Animator Petrecere Tematica Lego Baieti Petreceri Copii București | Superparty.ro,https://superparty.ro/petreceri/petrecere-tematica-lego-baieti-bucuresti,3
petrecere-tematica-masha-ursul-bucuresti,Animator Masha și Ursul Petreceri Copii București – Ursul | Superparty.ro,https://superparty.ro/petreceri/petrecere-tematica-masha-ursul-bucuresti,3
petrecere-tematica-medic-spital-copii-bucuresti,Animator Petrecere Tematica Medic Spital Copii Petreceri Copii București | Superparty.ro,https://superparty.ro/petreceri/petrecere-tematica-medic-spital-copii-bucuresti,3
petrecere-tematica-minecraft-baieti-bucuresti,Animator Petrecere Tematica Minecraft Baieti Petreceri Copii București | Superparty.ro,https://superparty.ro/petreceri/petrecere-tematica-minecraft-baieti-bucuresti,3
petrecere-tematica-miraculous-ladybug-bucuresti,Animator Ladybug Miraculous Petreceri Copii București – Ladybug | Superparty.ro,https://superparty.ro/petreceri/petrecere-tematica-miraculous-ladybug-bucuresti,3
petrecere-tematica-moana-disney-bucuresti,Animator Moana Disney Petreceri Copii București – Disney | Superparty.ro,https://superparty.ro/petreceri/petrecere-tematica-moana-disney-bucuresti,3
petrecere-tematica-my-little-pony-bucuresti,Animator My Little Pony Petreceri Copii București – Pony | Superparty.ro,https://superparty.ro/petreceri/petrecere-tematica-my-little-pony-bucuresti,3
petrecere-tematica-nemo-dory-bucuresti,Animator Petrecere Tematica Nemo Dory Petreceri Copii București | Superparty.ro,https://superparty.ro/petreceri/petrecere-tematica-nemo-dory-bucuresti,3
petrecere-tematica-ninja-baieti-bucuresti,Animator Petrecere Tematica Ninja Baieti Petreceri Copii București | Superparty.ro,https://superparty.ro/petreceri/petrecere-tematica-ninja-baieti-bucuresti,3
petrecere-tematica-paw-patrol-bucuresti,Animator Petrecere Tematica Paw Patrol Petreceri Copii București | Superparty.ro,https://superparty.ro/petreceri/petrecere-tematica-paw-patrol-bucuresti,3
petrecere-tematica-peppa-pig-copii-mici-bucuresti,Animator Peppa Pig Petreceri Copii București – Mici | Superparty.ro,https://superparty.ro/petreceri/petrecere-tematica-peppa-pig-copii-mici-bucuresti,3
petrecere-tematica-peter-pan-neverland-bucuresti,Animator Peter Pan Petreceri Copii București – Neverland | Superparty.ro,https://superparty.ro/petreceri/petrecere-tematica-peter-pan-neverland-bucuresti,3
petrecere-tematica-pokemon-pikachu-bucuresti,Animator Pikachu Pokemon Petreceri Copii București – Pikachu | Superparty.ro,https://superparty.ro/petreceri/petrecere-tematica-pokemon-pikachu-bucuresti,3
petrecere-tematica-roblox-copii-bucuresti,Animator Petrecere Tematica Roblox Copii Petreceri Copii București | Superparty.ro,https://superparty.ro/petreceri/petrecere-tematica-roblox-copii-bucuresti,3
petrecere-tematica-scooby-doo-bucuresti,Animator Petrecere Tematica Scooby Doo Petreceri Copii București | Superparty.ro,https://superparty.ro/petreceri/petrecere-tematica-scooby-doo-bucuresti,3
petrecere-tematica-scooby-doo-vanatoare-fantome-bucuresti,Animator Petrecere Tematica Scooby Doo Vanatoare Fantome Petreceri Copii București | Superparty.ro,https://superparty.ro/petreceri/petrecere-tematica-scooby-doo-vanatoare-fantome-bucuresti,3
petrecere-tematica-space-cosmos-copii-bucuresti,Animator Petrecere Tematica Space Cosmos Copii Petreceri Copii București | Superparty.ro,https://superparty.ro/petreceri/petrecere-tematica-space-cosmos-copii-bucuresti,3
petrecere-tematica-spiderman-marvel-bucuresti,Animator Spiderman Petreceri Copii București – Marvel | Superparty.ro,https://superparty.ro/petreceri/petrecere-tematica-spiderman-marvel-bucuresti,3
petrecere-tematica-supereroi-marvel-dc-bucuresti,Animator Petrecere Tematica Supereroi Marvel Dc Petreceri Copii București | Superparty.ro,https://superparty.ro/petreceri/petrecere-tematica-supereroi-marvel-dc-bucuresti,3
petrecere-tematica-superhero-girl-fetite-bucuresti,Animator Petrecere Tematica Superhero Girl Fetite Petreceri Copii București | Superparty.ro,https://superparty.ro/petreceri/petrecere-tematica-superhero-girl-fetite-bucuresti,3
petrecere-tematica-toy-story-pixar-bucuresti,Animator Toy Story Petreceri Copii București – Pixar | Superparty.ro,https://superparty.ro/petreceri/petrecere-tematica-toy-story-pixar-bucuresti,3
petrecere-tematica-trolls-copii-bucuresti,Animator Petrecere Tematica Trolls Copii Petreceri Copii București | Superparty.ro,https://superparty.ro/petreceri/petrecere-tematica-trolls-copii-bucuresti,3
petrecere-tematica-unicorn-fetite-bucuresti,Animator Petrecere Tematica Unicorn Fetite Petreceri Copii București | Superparty.ro,https://superparty.ro/petreceri/petrecere-tematica-unicorn-fetite-bucuresti,3
petrecere-tematica-vanatoare-comori-bucuresti,Animator Petrecere Tematica Vanatoare Comori Petreceri Copii București | Superparty.ro,https://superparty.ro/petreceri/petrecere-tematica-vanatoare-comori-bucuresti,3
petrecere-tematica-western-cowboys-baieti-bucuresti,Animator Petrecere Tematica Western Cowboys Baieti Petreceri Copii București | Superparty.ro,https://superparty.ro/petreceri/petrecere-tematica-western-cowboys-baieti-bucuresti,3
petrecere-tematica-winnie-the-pooh-bucuresti,Animator Petrecere Tematica Winnie The Pooh Petreceri Copii București | Superparty.ro,https://superparty.ro/petreceri/petrecere-tematica-winnie-the-pooh-bucuresti,3
petrecere-ziua-mamei-cu-copii-bucuresti,Animator Petrecere Ziua Mamei Cu Copii Petreceri Copii București | Superparty.ro,https://superparty.ro/petreceri/petrecere-ziua-mamei-cu-copii-bucuresti,3
pictura-pe-fata-petreceri-copii-ghid-complet,Animator Pictura Pe Fata Petreceri Copii Ghid Complet Petreceri Copii București | Superparty.ro,https://superparty.ro/petreceri/pictura-pe-fata-petreceri-copii-ghid-complet,3
rezervare-animatori-petreceri-din-timp-importanta,Animator Rezervare Din Timp Importanta Petreceri Copii București | Superparty.ro,https://superparty.ro/petreceri/rezervare-animatori-petreceri-din-timp-importanta,3
sala-vs-acasa-petrecere-copil-bucuresti-comparatie,Animator Sala Vs Acasa Petrecere Copil Comparatie Petreceri Copii București | Superparty.ro,https://superparty.ro/petreceri/sala-vs-acasa-petrecere-copil-bucuresti-comparatie,3
seo-local-test-abc123,Animator Seo Local Test Abc123 Petreceri Copii București | Superparty.ro,https://superparty.ro/petreceri/seo-local-test-abc123,3
seo-local,Animator Seo Local Petreceri Copii București | Superparty.ro,https://superparty.ro/petreceri/seo-local,3
servicii-complete-animatori-petreceri-copii-bucuresti-ilfov,Animator Servicii Complete Petreceri Copii București | Superparty.ro,https://superparty.ro/petreceri/servicii-complete-animatori-petreceri-copii-bucuresti-ilfov,3
sfaturi-ghiduri,Animator Sfaturi Ghiduri Petreceri Copii București | Superparty.ro,https://superparty.ro/petreceri/sfaturi-ghiduri,3
spectacol-magie-copii-bucuresti-iluzionism-petrecere,Animator Spectacol Magie Copii Iluzionism Petrecere Petreceri Copii București | Superparty.ro,https://superparty.ro/petreceri/spectacol-magie-copii-bucuresti-iluzionism-petrecere,3
spectacol-magie-copii-petreceri-bucuresti,Animator Spectacol Magie Copii Petreceri Petreceri Copii București | Superparty.ro,https://superparty.ro/petreceri/spectacol-magie-copii-petreceri-bucuresti,3
supereroi-vs-printese-tema-petrecere-bucuresti,Animator Supereroi Vs Printese Tema Petrecere Petreceri Copii București | Superparty.ro,https://superparty.ro/petreceri/supereroi-vs-printese-tema-petrecere-bucuresti,3
teme-petrecere,Animator Teme Petrecere Petreceri Copii București | Superparty.ro,https://superparty.ro/petreceri/teme-petrecere,3
top-10-personaje-disney-petreceri-fetite-bucuresti-2025,Animator Top 10 Personaje Disney Petreceri Fetite 2025 Petreceri Copii București | Superparty.ro,https://superparty.ro/petreceri/top-10-personaje-disney-petreceri-fetite-bucuresti-2025,3
top-5-personaje-disney-cerute-petreceri-bucuresti-2025,Animator Top 5 Personaje Disney Cerute Petreceri 2025 Petreceri Copii București | Superparty.ro,https://superparty.ro/petreceri/top-5-personaje-disney-cerute-petreceri-bucuresti-2025,3
tot-ce-trebuie-sa-stii-angajare-animator-costumat,Animator Tot Ce Trebuie Sa Stii Angajare Costumat Petreceri Copii București | Superparty.ro,https://superparty.ro/petreceri/tot-ce-trebuie-sa-stii-angajare-animator-costumat,3
